ã€ŠMySQLå¿…çŸ¥å¿…ä¼šã€‹ç¬”è®°
-----------
MySQL Crash Course 


MySQL ä¸‰ç§æ³¨é‡Šï¼š

```mysql
# DELETE FROM SeatInformation  
/* DELETE FROM SeatInformation */
-- DELETE FROM SeatInformation
```



é¢„å»ºç«‹çš„è¡¨([crashcourse.sql](crashcourse.sql))ï¼š

> customers			é¡¾å®¢è¡¨
> orders					è®¢å•è¡¨
> orderitems			è®¢å•äº§å“è¡¨
> products				äº§å“è¡¨
> vendors				 ä¾›åº”å•†è¡¨
> productnotes		äº§å“æ³¨é‡Šè¡¨

### 1 äº†è§£SQL

æ•°æ®åº“æ˜¯é€šè¿‡æ•°æ®åº“è½¯ä»¶**DBMS**(æ•°æ®åº“ç®¡ç†ç³»ç»Ÿ)åˆ›å»ºå’Œæ“çºµçš„å®¹å™¨ã€‚è¿™ä¸ªå®¹å™¨å¯ä»¥æ˜¯æ–‡ä»¶ï¼Œä¹Ÿå¯ä»¥ä¸æ˜¯ã€‚ä½¿ç”¨è€…é€šè¿‡DBMSè®¿é—®æ•°æ®åº“ã€‚

**è¡¨**æ˜¯ä¸€ç§ç»“æ„åŒ–çš„æ–‡ä»¶ã€‚è¡¨çš„ç‰¹æ€§å®šä¹‰äº†<u>æ•°æ®åœ¨è¡¨ä¸­å¦‚ä½•å­˜å‚¨</u>ï¼ˆå¯ä»¥å­˜å‚¨ä»€ä¹ˆæ ·çš„æ•°æ®ï¼Œæ•°æ®å¦‚ä½•åˆ†è§£ï¼Œå„éƒ¨åˆ†ä¿¡æ¯å¦‚ä½•å‘½åï¼‰ã€‚

**ä¸»é”®ï¼ˆprimary keyï¼‰** ï¼š ä¸€åˆ—ï¼ˆæˆ–ä¸€ç»„åˆ—ï¼‰ï¼Œå…¶å€¼èƒ½å¤Ÿå”¯ä¸€åŒºåˆ†è¡¨ä¸­çš„æ¯ä¸€è¡Œã€‚ 

### 2 MySQLç®€ä»‹

DBMSåˆ†ä¸¤ç±»ï¼š==åŸºäºå…±äº«æ–‡ä»¶ç³»ç»Ÿ==ï¼ˆå¦‚Microsoft Accessã€FileMakerï¼‰ï¼›==åŸºäºå®¢æˆ·æœº-æœåŠ¡å™¨==ï¼ˆå¦‚mysqlã€oracleï¼‰ã€‚  

<u>æœåŠ¡å™¨éƒ¨åˆ†</u>æ˜¯è´Ÿè´£æ‰€æœ‰æ•°æ®è®¿é—®å’Œå¤„ç†çš„ä¸€ä¸ªè½¯ä»¶ï¼ˆè¿è¡Œåœ¨å«åš**æ•°æ®åº“æœåŠ¡å™¨**çš„è®¡ç®—æœºä¸Šï¼‰ï¼›<u>å®¢æˆ·æœº</u>æ˜¯ä¸ç”¨æˆ·æ‰“äº¤é“çš„è½¯ä»¶ï¼Œå¯ä»¥æ˜¯mysqlæä¾›çš„å·¥å…·ï¼ˆå‘½ä»¤è¡Œï¼Œmysql administratorç­‰ï¼‰ï¼Œè„šæœ¬è¯­è¨€ï¼ˆå¦‚perlï¼‰ï¼Œwebåº”ç”¨å¼€å‘ï¼ˆå¦‚ASPï¼Œphpï¼‰ï¼Œç¨‹åºè®¾è®¡è¯­è¨€ï¼ˆå¦‚Cï¼ŒC++ï¼ŒJavaï¼‰ç­‰ã€‚

å®¢æˆ·æœºå’ŒæœåŠ¡å™¨å¯ä»¥åœ¨ä¸€å°æˆ–ä¸¤å°è®¡ç®—æœºä¸Šã€‚

#### MySQLå·¥å…·

ä»¥`\G`ç»“æŸï¼Œä¼šä½¿åŸæœ¬æ¨ªå‘è¾“å‡ºçš„å˜æˆçºµå‘è¾“å‡ºï¼Œæ˜“äºè§‚çœ‹ã€‚

```mysql
mysql> select * from customers\G
*************************** 1. row ***************************
     cust_id: 10001
   cust_name: Coyote Inc.
cust_address: 200 Maple Lane
   cust_city: Detroit
  cust_state: MI
    cust_zip: 44444
cust_country: USA
cust_contact: Y Lee
  cust_email: ylee@coyote.com
*************************** 2. row ***************************
     cust_id: 10002
   cust_name: Mouse House
cust_address: 333 Fromage Lane
   cust_city: Columbus
  cust_state: OH
    cust_zip: 43333
cust_country: USA
cust_contact: Jerry Mouse
  cust_email: NULL
```

### 3 ä½¿ç”¨MySQL

è¿æ¥MySQLï¼š

```shell
$ mysql -u root -p
```

```mysql
-- æ–°å»ºç”¨æˆ·
create user "username"@"host" Identified by "password";

-- æŸ¥çœ‹å½“å‰æ‰€æœ‰ç”¨æˆ·
select user,host from mysql.user;

-- æŸ¥çœ‹MySQLç‰ˆæœ¬
select version();

-- æ–°å»ºæ•°æ®åº“(ä¸¤è€…ç­‰ä»·)
create database  <æ•°æ®åº“å>;
CREATE Schema <æ•°æ®åº“å>;

-- åˆ é™¤æ•°æ®åº“
drop database <æ•°æ®åº“å>;

-- æŸ¥çœ‹æ‰€æœ‰æ•°æ®åº“
show databases;  		

-- é€‰æ‹©ï¼ˆè¿›å…¥ï¼‰ æŸä¸ªæ•°æ®åº“
use <æ•°æ®åº“å>;			

-- æŸ¥çœ‹å½“å‰æ•°æ®åº“æ‰€æœ‰çš„è¡¨
show tables;			

-- æ˜¾ç¤ºç”¨æˆ·çš„å®‰å…¨æƒé™
show grants for root@'localhost';

-- æŸ¥çœ‹ç›®å‰æ•°æ®åº“å¼•æ“çŠ¶æ€
show engines\G;

-- æ˜¾ç¤ºmysqlæœåŠ¡å™¨å¤§éƒ¨åˆ†çŠ¶æ€
show status;

-- åˆ†åˆ«æ˜¾ç¤ºåˆ›å»ºç‰¹å®šè¡¨å’Œæ•°æ®åº“çš„mysqlè¯­å¥
show create table <tablename>;
show create database <databasename>;

-- æŸ¥çœ‹å½“å‰æ•°æ®åº“æ‰€æœ‰è¡¨ï¼ˆåŒ…æ‹¬è§†å›¾ï¼‰çš„çŠ¶æ€
show table status;
-- æŸ¥çœ‹testæ•°æ®åº“ä¸­æ‰€æœ‰è¡¨[ä»¥yå¼€å¤´çš„è¡¨]ä¿¡æ¯
show table status from test [like 'y%']\G;   

-- æ˜¾ç¤ºæŸä¸ªè¡¨çš„æ‰€æœ‰åˆ—çš„è¯¦ç»†ä¿¡æ¯(è¡¨ç»“æ„)
show columns from tablename;
-- ç­‰ä»·äº
describe tablename;

-- ç›´æ¥è¿è¡Œsqlæ–‡ä»¶
source .../**.sql
```
```mysql
show errors;

show warnings;
```

```mysql
help

help show;
```

```mysql
-- æŸ¥çœ‹æœåŠ¡å™¨çš„ä¸»æœºå
system hostname
```

### 4 æ£€ç´¢æ•°æ®

```mysql
-- DISTINCT å…³é”®å­—ç”¨æ¥æ˜¾ç¤ºå¯¹åº”åˆ—ä¸åŒæ•°æ®ï¼Œä¹Ÿå°±æ˜¯å»é™¤ç›¸åŒçš„è¡Œæ•°æ®
select distinct vend_id,prod_price from products;

-- é™å®šè¡¨åå’Œåˆ—å
select products.prod_name from crashcourse.products;
```

`limit  3`    é™åˆ¶å°‘äºä¸‰è¡Œ 
`limit  1,3`  ç­‰ä»·äº `limit 3 offset 1 `  ä»1è¡Œå¼€å§‹çš„ä¸‰è¡Œ

### 5 æ’åºæ£€ç´¢æ•°æ®

```mysql
select prod_name from products order by prod_name;  

-- å¤šä¸ªåˆ—æ’åºï¼Œä»…åœ¨å¤šä¸ªè¡Œå…·æœ‰ç›¸åŒçš„prod_priceå€¼æ—¶æ‰å¯¹äº§å“æŒ‰prod_nameè¿›è¡Œæ’åº
select prod_id, prod_price, prod_name from products order by prod_price, prod_name;    

-- æŒ‡å®šæ’åºæ–¹å‘
select prod_id, prod_price, prod_name from products order by prod_price DESC;  
```

### 6 è¿‡æ»¤æ•°æ®

```mysql 
-- ç©ºå€¼æ£€æŸ¥ 
select prod_name from products where prod_price IS NULL;

-- æ³¨æ„andè®¡ç®—é¡ºåºé«˜ï¼Œ å‰é¢è¦åŠ æ‹¬å·
select prod_name, prod_price from products where (vend_id = 1002 or vend_id = 1003) and prod_price >= 10;

select prod_name, prod_price from products where vend_id in (1002,1003) order by prod_name;

-- åœ¨5åˆ°10ä¹‹é—´ INæ¯”ORå¿«ï¼Œè®¡ç®—æ¬¡åºæ˜“ç®¡ç†ï¼Œinè¿˜å¯ä»¥åŒ…æ‹¬å…¶ä»–selectè¯­å¥  
select prod_name, prod_price from products where prod_price between 5 and 10;`  

-- MYSQLæ”¯æŒä½¿ç”¨NOTå¯¹INï¼ŒBETWEENå’ŒEXISTSå­å¥å–å
select prod_name, prod_price, from products where vend_id NOT IN (1002, 1003) order by prod_name;
```

`order by` åœ¨ `where`åé¢ã€‚

`where`å­å¥ä¸­çš„æ“ä½œç¬¦ï¼Œ `=` `<>` `!=` `<` `>` `>=` `<=` `between`

### 8 é€šé…ç¬¦è¿‡æ»¤

`like`  è¯­å¥ä¸€èˆ¬éƒ½è¦ç”¨é€šé…ç¬¦ï¼Œä¸ç„¶æ²¡æœ‰å¤šå¤§æ„ä¹‰ 

`%`  è¡¨ç¤ºä»»æ„å­—ç¬¦å‡ºç°ä»»æ„å¤šæ¬¡(**ä¸èƒ½åŒ¹é…NULL**)

`_` åªåŒ¹é…å•ä¸ªå­—ç¬¦

```mysql
select prod_id, prod_name from products where prod_name LIKE 'jet%';
```

æ…ç”¨é€šé…ç¬¦ï¼Œå°½é‡ä¸è¦ç”¨åœ¨æœç´¢æ¨¡å¼çš„å¼€å§‹å¤„ã€‚

### 9 æ­£åˆ™åŒ¹é…

æ­£åˆ™è¡¨è¾¾å¼æ˜¯ç”¨æ¥åŒ¹é…æ–‡æœ¬çš„==ç‰¹æ®Šçš„ä¸²ï¼ˆå­—ç¬¦é›†åˆï¼‰==ã€‚

mysqlæ­£åˆ™ä»…ä¸ºæ­£åˆ™è¡¨è¾¾å¼çš„ä¸€ä¸ªå¾ˆå°çš„å­é›†ï¼Œä¸åŒºåˆ†å¤§å°å†™ã€‚

#### åŸºæœ¬å­—ç¬¦åŒ¹é…

```mysql
-- åŒ…å«1000çš„åŒ¹é…å‡ ä¸ªå­—ç¬¦ä¹‹ä¸€
select prod_name from products where prod_name REGEXP'1000' order by prod_name;  

select prod_name from products where prod_name REGEXP'.000' order by prod_name;  
```

LIKEä¸REGEXPæœ‰ä¸€ä¸ªå·®åˆ«ï¼šLIKEåŒ¹é…æ•´ä¸ªåˆ—ã€‚

```mysql
-- åŒ¹é…ä¸åˆ° --
select prod_name from products where prod_name like '1000'; 
-- --
select prod_name from products where prod_name like 'J%1000'; 
```

`REGEXP BINARY` ç”¨ä»¥åŒºåˆ†å¤§å°å†™ï¼Œå¦‚ `WHERE prod_name REGEXP BINARY 'JetPack .000'`ï¼Œéœ€è¦æ³¨æ„çš„æ˜¯ä¸€äº›æ’åºè§„åˆ™æ˜¯ä¸æ”¯æŒåŒºåˆ†å¤§å°å†™çš„ã€‚

#### ORåŒ¹é…

`REGEXP '1000|2000'`   oråŒ¹é…

#### åŒ¹é…å‡ ä¸ªå­—ç¬¦ä¹‹ä¸€

```mysql
mysql> select prod_name from products where prod_name REGEXP '[123] Ton';
+-------------+
| prod_name   |
+-------------+
| 1 ton anvil |
| 2 ton anvil |
+-------------+
```

ç±»ä¼¼ `REGEXP '1|2|3 Ton'`ã€‚

æ’é™¤ `[^123]`ã€‚

#### åŒ¹é…èŒƒå›´

`REGEXP '[1-5] Ton'` 

#### åŒ¹é…ç‰¹æ®Šå­—ç¬¦

`REGEXP '\\.'`ï¼Œ åŒ¹é…å«`.`çš„ã€‚

```mysql
mysql> select vend_name from vendors where vend_name regexp '\\.' order by vend_name;
+--------------+
| vend_name    |
+--------------+
| Furball Inc. |
+--------------+
```

å…¶å®ƒè¿˜æœ‰ï¼Œ`\\-`ï¼Œ`\\|`ï¼Œ`\\\`ç­‰ï¼Œè¿˜æœ‰ç©ºç™½å­—ç¬¦ï¼š

![](images/image-20230222114112508.png)



#### åŒ¹é…å­—ç¬¦ç±»

é¢„å…ˆå®šä¹‰çš„å¸¸ç”¨çš„å­—ç¬¦é›†åˆ

| ç±»         | æ„ä¹‰                                 |
| ---------- | ------------------------------------ |
| [:alnum:]  | ä»»æ„å­—æ¯å’Œæ•°å­—([a-zA-Z0-9])          |
| [:alpha:]  | [a-zA-Z]                             |
| [:blank:]  | ç©ºæ ¼å’Œåˆ¶è¡¨                           |
| [:cntrl:]  | ASCIIæ§åˆ¶å­—ç¬¦(ASCIIå€¼ä¸º0-31å’Œ127)    |
| [:digit:]  | [0-9]                                |
| [:print:]  | ä»»æ„å¯æ‰“å°å­—ç¬¦                       |
| [:graph:]  | é™¤å»ç©ºæ ¼çš„[:print:]                  |
| [:lower:]  | [a-z]                                |
| [:upper:]  | [A-Z]                                |
| [:punct:]  | æ—¢ä¸åœ¨[:alnum:]æœ‰ä¸åœ¨[:cntrl:]çš„å­—ç¬¦ |
| [:space:]  | ä»»æ„ç©ºæ ¼ç¬¦                           |
| [:xdigit:] | ä»»æ„åå…­è¿›åˆ¶æ•°å­—([a-fA-F0-9])        |

ä¾‹å¦‚ï¼š

```mysql
mysql> select prod_name from products where prod_name regexp '[:digit:]' ;
+----------------+
| prod_name      |
+----------------+
| .5 ton anvil   |
| 1 ton anvil    |
| 2 ton anvil    |
| JetPack 1000   |
| JetPack 2000   |
| TNT (1 stick)  |
| TNT (5 sticks) |
+----------------+
```

#### åŒ¹é…å¤šä¸ªå®ä¾‹ 

```mysql
mysql> select prod_name from products where prod_name regexp '\\([0-9] sticks?\\)' order by prod_name;
+----------------+
| prod_name      |
+----------------+
| TNT (1 stick)  |
| TNT (5 sticks) |
+----------------+
```

```mysql
mysql> select prod_name from products where prod_name regexp '[[:digit:]]{4}' order by prod_name;
+--------------+
| prod_name    |
+--------------+
| JetPack 1000 |
| JetPack 2000 |
+--------------+
```

![](images/image-20230222114310093.png)

#### å®šä½ç¬¦

`regexp '^[0-9\\.]'` åŒ¹é…ä»¥æ•°å­—æˆ–è€….å¼€å¤´çš„ã€‚

```mysql
mysql> select prod_name from products where prod_name regexp '^[0-9\\.]';
+--------------+
| prod_name    |
+--------------+
| .5 ton anvil |
| 1 ton anvil  |
| 2 ton anvil  |
+--------------+
```

![](images/image-20230222114539393.png)

### 10 åˆ›å»ºè®¡ç®—å­—æ®µ

å­—æ®µçš„è®¡ç®—ï¼ˆæ€»æ•°ï¼Œå¹³å‡æ•°ç­‰ï¼‰ï¼Œæ‹¼æ¥ç­‰æ“ä½œï¼ŒDBMSèƒ½å¤Ÿå¿«é€Ÿæœ‰æ•ˆåœ°å®Œæˆã€‚

#### æ‹¼æ¥å­—æ®µ

```mysql
mysql> Select Concat(RTrim(vend_name), '(', RTrim(vend_country), ')') AS vend_title From vendors order by vend_name;
+------------------------+
| vend_title             |
+------------------------+
| ACME(USA)              |
| Anvils R Us(USA)       |
| Furball Inc.(USA)      |
| Jet Set(England)       |
| Jouets Et Ours(France) |
| LT Supplies(USA)       |
+------------------------+
```


Concat()ï¼ŒRTrim()å‡½æ•°ï¼Œåˆ«å

#### ç®—æœ¯è®¡ç®—

```mysql
mysql> select prod_id, quantity, item_price, quantity*item_price  AS expanded_price from orderitems where order_num = 20005;
+---------+----------+------------+----------------+
| prod_id | quantity | item_price | expanded_price |
+---------+----------+------------+----------------+
| ANV01   |       10 |       5.99 |          59.90 |
| ANV02   |        3 |       9.99 |          29.97 |
| TNT2    |        5 |      10.00 |          50.00 |
| FB      |        1 |      10.00 |          10.00 |
+---------+----------+------------+----------------+
```



æµ‹è¯•è®¡ç®—ï¼ˆæ²¡æœ‰fromçš„selectè¯­å¥ï¼‰ `select 3*2;` `select now();`

### 11 ä½¿ç”¨æ•°æ®å¤„ç†å‡½æ•°

**å‡½æ•°æ²¡æœ‰SQLçš„å¯ç§»æ¤æ€§å¼º**ã€‚

#### æ–‡æœ¬å¤„ç†å‡½æ•° 

```mysql
left()  right() length() locate()  lower()  upper()  ltrim() rtrim()  sounder()  substring()
```

![](../../images/learn-database-020.jpg)

```mysql
mysql> select vend_name, Upper(vend_name) AS vend_name_upcase from vendors order by vend_name;
+----------------+------------------+
| vend_name      | vend_name_upcase |
+----------------+------------------+
| ACME           | ACME             |
| Anvils R Us    | ANVILS R US      |
| Furball Inc.   | FURBALL INC.     |
| Jet Set        | JET SET          |
| Jouets Et Ours | JOUETS ET OURS   |
| LT Supplies    | LT SUPPLIES      |
+----------------+------------------+
```

#### æ—¥æœŸå’Œæ—¶é—´å¤„ç†å‡½æ•°

 ```mysql
mysql> select cust_id, order_num from orders where Date(order_date) Between '2005-09-01' and '2005-09-30';
+---------+-----------+
| cust_id | order_num |
+---------+-----------+
|   10001 |     20005 |
|   10003 |     20006 |
|   10004 |     20007 |
+---------+-----------+
 ```

![](../../images/learn-database-021.jpg)

#### æ•°å€¼å¤„ç†å‡½æ•°

![](../../images/learn-database-022.jpg)

#### ç³»ç»Ÿå‡½æ•°

ç³»ç»Ÿä¿¡æ¯å‡½æ•°ç”¨æ¥æŸ¥è¯¢MySQLæ•°æ®åº“çš„ç³»ç»Ÿä¿¡æ¯ã€‚

| å‡½æ•°                                  | è¯´æ˜                             |
| ------------------------------------- | -------------------------------- |
| VERSION()                             | è·å–æ•°æ®åº“çš„ç‰ˆæœ¬å·ã€‚             |
| CONNECTION_ID()                       | è·å–æœåŠ¡å™¨çš„è¿æ¥æ•°ã€‚             |
| DATABASE()ã€SCHEMA()                  | è·å–å½“å‰æ•°æ®åº“åã€‚               |
| USER()ã€SYSTEM_USER()ã€SESSION_USER() | è·å–å½“å‰ç”¨æˆ·åã€‚                 |
| CURRENT_USER()ã€CURRENT_USER          | è·å–å½“å‰ç”¨æˆ·åã€‚                 |
| CHARSET(str)                          | è·å–å­—ç¬¦ä¸²strçš„å­—ç¬¦é›†ã€‚          |
| COLLATION(str)                        | è·å–å­—ç¬¦ä¸²strçš„å­—ç¬¦æ’åºæ–¹æ³•ã€‚    |
| LAST_INSERT_ID()                      | è·å–æœ€è¿‘ç”Ÿæˆçš„AUTO_INCREMENTå€¼ã€‚ |

#### åŠ å¯†å‡½æ•°

| å‡½æ•°                       | è¯´æ˜                                                         |
| -------------------------- | ------------------------------------------------------------ |
| PASSWORD(str)              | å¯¹å­—ç¬¦ä¸²strè¿›è¡ŒåŠ å¯†ã€‚ç»æ­¤å‡½æ•°åŠ å¯†åçš„æ•°æ®æ˜¯ä¸å¯é€†çš„ã€‚å…¶ç»å¸¸ç”¨äºå¯¹æ™®é€šæ•°æ®è¿›è¡ŒåŠ å¯†ã€‚ |
| MD5(str)                   | å¯¹å­—ç¬¦ä¸²strè¿›è¡ŒMD5åŠ å¯†ã€‚ç»å¸¸ç”¨äºå¯¹æ™®é€šæ•°æ®è¿›è¡ŒåŠ å¯†ã€‚         |
| ENCODE(str,pass_str)       | ä½¿ç”¨å­—ç¬¦ä¸²pass_stræ¥åŠ å¯†å­—ç¬¦ä¸²strã€‚åŠ å¯†åçš„ç»“æœæ˜¯ä¸€ä¸ªäºŒè¿›åˆ¶æ•°ï¼Œå¿…é¡»ä½¿ç”¨BLOBç±»å‹çš„å­—æ®µæ¥ä¿å­˜å®ƒã€‚ |
| DECODE(crypt_str,pass_str) | ä½¿ç”¨å­—ç¬¦ä¸²pass_stræ¥ä¸ºcrypt_strè§£å¯†ã€‚                        |

#### å…¶ä»–å‡½æ•°

MySQLä¸­é™¤äº†ä¸Šè¿°å†…ç½®å‡½æ•°ä»¥å¤–ï¼Œè¿˜åŒ…å«å¾ˆå¤šå‡½æ•°ã€‚ä¾‹å¦‚ï¼Œæ•°å­—æ ¼å¼åŒ–å‡½æ•°FORMAT(x,n)ï¼ŒIPåœ°å€ä¸æ•°å­—çš„è½¬æ¢å‡½æ•°INET_ATON(ip)ï¼Œè¿˜æœ‰åŠ é”å‡½æ•°GET_LOCT(name,time)ã€è§£é”å‡½æ•°RELEASE_LOCK(name)ç­‰ç­‰ã€‚



### 12 æ±‡æ€»æ•°æ®

#### 12.1 èšé›†å‡½æ•°

| å‡½æ•°    | è¯´æ˜                                           |
| ------- | ---------------------------------------------- |
| avg()   | åˆ—åä½œä¸ºå‚æ•°ï¼Œå¿½ç•¥nullè¡Œ                       |
| count() | åˆ—åæˆ–*ä½œä¸ºå‚æ•°ï¼Œ*ä½œä¸ºå‚æ•°æ—¶ä¸å¿½ç•¥åŒ…å«nullçš„è¡Œ |
| max()   | åˆ—åä½œä¸ºå‚æ•°ï¼Œå¿½ç•¥nullè¡Œ                       |
| min()   | åˆ—åä½œä¸ºå‚æ•°ï¼Œå¿½ç•¥nullè¡Œ                       |
| sum()   | åˆ—åä½œä¸ºå‚æ•°ï¼Œå¿½ç•¥nullè¡Œ                       |

æ‰€æœ‰èšé›†å‡½æ•°éƒ½å¯ä»¥ç”¨æ¥æ‰§è¡Œå¤šä¸ªåˆ—ä¸Šçš„è®¡ç®—ã€‚

```mysql
mysql> select sum(item_price*quantity) as total from orderitems;
+---------+
| total   |
+---------+
| 1368.34 |
+---------+
```

Count()ä¸¤ç§ï¼š

- ä½¿ç”¨`COUNT(*)`å¯¹è¡¨ä¸­è¡Œçš„æ•°ç›®è¿›è¡Œè®¡æ•°ï¼Œä¸ç®¡è¡¨åˆ—ä¸­åŒ…å«çš„æ˜¯ç©ºå€¼ï¼ˆNULLï¼‰è¿˜æ˜¯éç©ºå€¼ã€‚
- ä½¿ç”¨`COUNT(column)`å¯¹ç‰¹å®šåˆ—ä¸­å…·æœ‰å€¼çš„è¡Œè¿›è¡Œè®¡æ•°ï¼Œå¿½ç•¥NULLå€¼ã€‚

åœ¨ç”¨äºæ–‡æœ¬æ•°æ®æ—¶ï¼Œå¦‚æœæ•°æ®æŒ‰ç›¸åº”çš„åˆ—æ’åºï¼Œåˆ™MAX()è¿”å›æœ€åä¸€è¡Œï¼ŒMIN()è¿”å›æœ€å‰é¢çš„è¡Œã€‚

#### 12.2 èšé›†ä¸åŒå€¼ 

`DISTINCT`

```mysql
mysql> select avg(distinct prod_price) as avg_price  from products where vend_id = 1003;
+-----------+
| avg_price |
+-----------+
| 15.998000 |
+-----------+
```


distinct ä¸èƒ½ç”¨äºcount(*)ï¼Œå¹¶ä¸”ç”¨äºmax()å’Œmin()æ²¡æœ‰å¤šå¤§æ„ä¹‰ã€‚

#### 12.3 ç»„åˆèšé›†å‡½æ•°

```mysql
mysql> select count(*) as num_items,
    -> min(prod_price) as price_min,
    -> max(prod_price) as price_max,
    -> avg(prod_price) as price_avg
    -> from products;
+-----------+-----------+-----------+-----------+
| num_items | price_min | price_max | price_avg |
+-----------+-----------+-----------+-----------+
|        14 |      2.50 |     55.00 | 16.133571 |
+-----------+-----------+-----------+-----------+
```





ğŸ”–

### 13 åˆ†ç»„æ•°æ®

#### group by

group byå­å¥å¯ä»¥åŒ…å«ä»»æ„æ•°ç›®çš„åˆ—ã€‚

å¦‚æœåˆ†ç»„åˆ—ä¸­å…·æœ‰NULLå€¼ï¼Œåˆ™NULLå°†ä½œä¸ºä¸€ä¸ªåˆ†ç»„è¿”å›ã€‚

```mysql
mysql> select vend_id, count(*) as num_prods from products group by vend_id;
+---------+-----------+
| vend_id | num_prods |
+---------+-----------+
|    1001 |         3 |
|    1002 |         2 |
|    1003 |         7 |
|    1005 |         2 |
+---------+-----------+
```

```mysql
-- ä½¿ç”¨WITH ROLLUPå…³é”®å­—ï¼Œå¯ä»¥å¾—åˆ°æ¯ä¸ªåˆ†ç»„ä»¥åŠæ¯ä¸ªåˆ†ç»„æ±‡æ€»çº§åˆ«ï¼ˆé’ˆå¯¹æ¯ä¸ªåˆ†ç»„ï¼‰çš„å€¼ï¼Œè¡¨ç¤ºåœ¨è¿›è¡Œåˆ†ç»„ç»Ÿè®¡çš„åŸºç¡€ä¸Šå†æ¬¡è¿›è¡Œæ±‡æ€»ç»Ÿè®¡
mysql> select vend_id, count(*) as num_prods from products group by vend_id with rollup;
+---------+-----------+
| vend_id | num_prods |
+---------+-----------+
|    1001 |         3 |
|    1002 |         2 |
|    1003 |         7 |
|    1005 |         2 |
|    NULL |        14 |
+---------+-----------+
```



#### è¿‡æ»¤åˆ†ç»„having

havingç±»ä¼¼whereï¼Œwhereè¿‡æ»¤è¡Œï¼Œhavingè¿‡æ»¤åˆ†ç»„

havingæ”¯æŒæ‰€æœ‰whereæ“ä½œç¬¦

**whereåœ¨æ•°æ®åˆ†ç»„å‰è¿›è¡Œè¿‡æ»¤ï¼Œhavingåœ¨æ•°æ®åˆ†ç»„åè¿›è¡Œè¿‡æ»¤**

group byä»¥åçš„æ•°æ®é¡ºåºæ˜¯ä¸å€¼å¾—ä¾èµ–çš„ï¼Œå¦‚éœ€æ’åºï¼Œè¦é€šè¿‡order by

```mysql
mysql> select vend_id, count(*) as num_prods from products where prod_price >=10 group by vend_id having count(*) >=2;
+---------+-----------+
| vend_id | num_prods |
+---------+-----------+
|    1003 |         4 |
|    1005 |         2 |
+---------+-----------+
```

#### åˆ†ç»„å’Œæ’åº


#### selectå­å¥é¡ºåº

![](../../images/learn-database-023.jpg)


### 14 å­æŸ¥è¯¢

#### ä½¿ç”¨å­æŸ¥è¯¢è¿›è¡Œè¿‡æ»¤

```mysql
Select cust_id 
From orders 
Where order_num IN (Select order_num 
                    From orderitems
                    Where prod_id = 'TNT2');
```


```mysql
select cust_name, cust_contact from customers
where cust_id in(select cust_id from orders
                 where order_num in(select order_num from orderitems
                                    where prod_id='TNT2'));
                                    
+----------------+--------------+
| cust_name      | cust_contact |
+----------------+--------------+
| Coyote Inc.    | Y Lee        |
| Yosemite Place | Y Sam        |
+----------------+--------------+
```

**å­æŸ¥è¯¢æ€»æ˜¯ä»å†…å‘å¤–å¤„ç†ã€‚**

åœ¨whereå­å¥ä¸­ä½¿ç”¨å­æŸ¥è¯¢ï¼Œåº”è¯¥ä¿è¯å­å¥ä¸­selectè¯­å¥å…·æœ‰ä¸whereå¥ä¸­ç›¸åŒæ•°ç›®çš„åˆ—ã€‚ï¼ˆå¦‚ä¸Šè¿°ä»£ç ä¸­ç¬¬äºŒè¡Œä¸­çš„cust_idå’Œç¬¬ä¸‰è¡Œçš„order_numï¼‰

#### ä½œä¸ºè®¡ç®—å­—æ®µä½¿ç”¨å­æŸ¥è¯¢

```mysql
Select cust_name,
	     cust_state,
       (Select count(*) From orders Where orders.cust_id = customers.cust_id) As order_num
From customers 
Order by cust_name;

+----------------+------------+-----------+
| cust_name      | cust_state | order_num |
+----------------+------------+-----------+
| Coyote Inc.    | MI         |         2 |
| E Fudd         | IL         |         1 |
| Mouse House    | OH         |         0 |
| Wascals        | IN         |         1 |
| Yosemite Place | AZ         |         1 |
+----------------+------------+-----------+
```

è¯¥å­æŸ¥è¯¢å¯¹æ£€ç´¢å‡ºæ¥çš„æ¯ä¸ªå®¢æˆ·æ‰§è¡Œä¸€æ¬¡ã€‚ä¸Šè¿°å­æŸ¥è¯¢æ‰§è¡Œäº†äº”æ¬¡ã€‚

**ç›¸å…³å­æŸ¥è¯¢**(correlated subquery):æ¶‰åŠå¤–éƒ¨æŸ¥è¯¢çš„å­æŸ¥è¯¢ã€‚(orders.cust_id = customers.cust_id) æœ‰ç‚¹æ¥æ¶ˆé™¤æ­§ä¹‰ã€‚

### 15 è”ç»“è¡¨

SQLæœ€å¼ºå¤§çš„åŠŸèƒ½ä¹‹ä¸€å°±æ˜¯èƒ½åœ¨æ•°æ®æ£€ç´¢æŸ¥è¯¢çš„æ‰§è¡Œä¸­**è”ç»“(join)**è¡¨ã€‚

#### å…³ç³»è¡¨

 ç›¸åŒæ•°æ®**å‡ºç°å¤šæ¬¡**å†³ä¸æ˜¯ä¸€ä»¶å¥½äº‹ï¼ˆå…³ç³»æ•°æ®åº“è®¾è®¡çš„åŸºç¡€ï¼‰ã€‚å…³ç³»è¡¨çš„è®¾è®¡å°±æ˜¯è¦ä¿è¯æŠŠä¿¡æ¯åˆ†è§£æˆå¤šä¸ªè¡¨ï¼Œä¸€ç±»æ•°æ®ä¸€ä¸ªè¡¨ã€‚å„è¡¨é€šè¿‡æŸäº›**å¸¸ç”¨çš„å€¼ï¼ˆå³å…³ç³»ï¼‰**äº’ç›¸å…³è”ã€‚

**å¤–é”®**(foreign key)ä¸ºæŸä¸ªè¡¨ä¸­çš„ä¸€åˆ—ï¼Œå®ƒåŒ…å«å¦ä¸€ä¸ªè¡¨çš„ä¸»é”®å€¼ï¼Œå®šä¹‰äº†ä¸¤ä¸ªè¡¨ä¹‹é—´çš„å…³ç³»ã€‚ 

è”ç»“ä»…å­˜åœ¨ä¸æŸ¥è¯¢çš„æ‰§è¡Œå½“ä¸­ã€‚

**å¯ä¼¸ç¼©æ€§**(scale)ï¼š èƒ½å¤Ÿé€‚åº”ä¸æ–­å¢åŠ çš„å·¥ä½œé‡è€Œä¸å¤±è´¥ã€‚å…³ç³»æ•°æ®åº“çš„å¯ä¼¸ç¼©æ€§è¿œæ¯”éå…³ç³»æ•°æ®åº“è¦å¥½ã€‚

**è”ç»“**ä»…å­˜åœ¨ä¸æŸ¥è¯¢çš„æ‰§è¡Œå½“ä¸­ï¼Œè”ç»“æ—¶åˆ©ç”¨SQLçš„selectèƒ½æ‰§è¡Œçš„æœ€é‡è¦çš„æ“ä½œã€‚

#### åˆ›å»ºè”ç»“

```mysql
Select vend_name, prod_name, prod_price
From vendors, products
Where vendors.vend_id=products.vend_id
Order by vend_name, prod_name;

+-------------+----------------+------------+
| vend_name   | prod_name      | prod_price |
+-------------+----------------+------------+
| ACME        | Bird seed      |      10.00 |
| ACME        | Carrots        |       2.50 |
| ACME        | Detonator      |      13.00 |
| ACME        | Safe           |      50.00 |
| ACME        | Sling          |       4.49 |
| ACME        | TNT (1 stick)  |       2.50 |
| ACME        | TNT (5 sticks) |      10.00 |
| Anvils R Us | .5 ton anvil   |       5.99 |
| Anvils R Us | 1 ton anvil    |       9.99 |
| Anvils R Us | 2 ton anvil    |      14.99 |
| Jet Set     | JetPack 1000   |      35.00 |
| Jet Set     | JetPack 2000   |      55.00 |
| LT Supplies | Fuses          |       3.42 |
| LT Supplies | Oil can        |       8.99 |
+-------------+----------------+------------+
```

##### WHEREå­å¥çš„é‡è¦æ€§

åœ¨è”ç»“ä¸¤ä¸ªè¡¨æ—¶ï¼Œå®é™…ä¸Šæ˜¯å°†ç¬¬ä¸€ä¸ªè¡¨ä¸­çš„æ¯ä¸€è¡Œä¸ç¬¬äºŒä¸ªè¡¨ä¸­çš„æ¯ä¸€è¡Œé…å¯¹ã€‚**å½“æ²¡æœ‰whereå­å¥æ—¶å°±ä¼šäº§ç”Ÿç¬›å¡å°”ç§¯ã€‚**

**ç¬›å¡å°”ç§¯**(cartesian product)ï¼šæ²¡æœ‰è”ç»“æ¡ä»¶çš„è¡¨å…³ç³»è¿”å›çš„ç»“æœä¸ºç¬›å¡å°”ç§¯ã€‚æ£€ç´¢å‡ºçš„è¡Œçš„æ•°ç›®å°†æ˜¯ç¬¬ä¸€ä¸ªè¡¨çš„è¡Œæ•°ä¹˜ä»¥ç¬¬äºŒè¡¨çš„è¡Œæ•°ã€‚

##### å†…éƒ¨è”ç»“/**ç­‰å€¼è”ç»“**

ä¸Šé¢çš„è”ç»“ä¹Ÿå«**ç­‰å€¼è”ç»“**(equijoin)æˆ–è€…**å†…éƒ¨è”ç»“**ï¼Œå¯ç”¨å¦å¤–å½¢å¼è¡¨ç¤ºï¼š(ä¼ é€’ç»™ONçš„å®é™…æ¡ä»¶ä¸whereç›¸åŒ)

```mysql
select vend_name, prod_name,prod_price 
from vendors inner join products 
on vendors.vend_id = products.vend_ idï¼›
```

##### **è”ç»“å¤šä¸ªè¡¨**

```mysql
select cust_name, cust_contact
from customers, orders, orderitems
where customers.cust_id = orders.cust_id
and orderitems.order_num = orders.order_num
and prod_id = 'TNT2';
+----------------+--------------+
| cust_name      | cust_contact |
+----------------+--------------+
| Coyote Inc.    | Y Lee        |
| Yosemite Place | Y Sam        |
+----------------+--------------+
2 rows in set (0.00 sec)
```

> æ­¤å¤„çš„æ‰§è¡Œæ—¶é—´çº¦ä¸º0.00secï¼Œå¯¹æ¯”å­è”ç»“çš„0.28secï¼Œæ­¤å¤„æ˜æ˜¾å¤šè¡¨è”ç»“æ€§èƒ½æ›´å¥½ã€‚

```mysql
select cust_name, cust_contact from customers
where cust_id in(select cust_id from orders
where order_num in(select order_num from orderitems
           where prod_id='TNT2'));
           
+----------------+--------------+
| cust_name      | cust_contact |
+----------------+--------------+
| Coyote Inc.    | Y Lee        |
| Yosemite Place | Y Sam        |
+----------------+--------------+
2 rows in set (0.28 sec)
```

> æ€§èƒ½å¯èƒ½ä¼šå—æ“ä½œç±»å‹ã€è¡¨ä¸­æ•°æ®é‡ã€æ˜¯å¦å­˜åœ¨ç´¢å¼•æˆ–é”®ä»¥åŠå…¶ä»–ä¸€äº›æ¡ä»¶çš„å½±å“ã€‚

### 16 é«˜çº§è”ç»“

#### è¡¨åˆ«å

è¡¨åˆ«åèƒ½ç”¨äºwhereå­å¥ï¼Œselectåˆ—è¡¨ï¼Œorder byå­å¥ä»¥åŠè¯­å¥çš„å…¶ä»–éƒ¨åˆ†ã€‚ `as`

ä¸åˆ—åˆ«åä¸ä¸€æ ·ï¼Œè¡¨åˆ«å<u>åªåœ¨æŸ¥è¯¢æ‰§è¡Œä¸­ä½¿ç”¨</u>ï¼Œä¸è¿”å›åˆ°å®¢æˆ·æœºã€‚

```mysql
Select cust_name, cust_contact
From customers AS c, orders AS o, orderitems AS oi
Where c.cust_id = o.cust_id
And oi.order_num = o.order_num
And prod_id = 'TNT2';
```

#### è‡ªè”ç»“

è‡ªè”ç»“å’ŒåŒä¸€å¼ è¡¨ä¸­çš„å­æŸ¥è¯¢å¯¹æ¯”ã€‚ï¼ˆä¸€èˆ¬è‡ªè”ç»“æ€§èƒ½å¥½äºå­æŸ¥è¯¢ï¼‰

å‡å¦‚ä½ å‘ç°æŸç‰©å“ï¼ˆå…¶IDä¸ºDTNTRï¼‰å­˜åœ¨é—®é¢˜ï¼Œå› æ­¤æƒ³çŸ¥é“ç”Ÿäº§è¯¥ç‰©å“çš„ä¾›åº”å•†ç”Ÿäº§çš„å…¶ä»–ç‰©å“æ˜¯å¦ä¹Ÿå­˜åœ¨è¿™äº›é—®é¢˜ã€‚

å­æŸ¥è¯¢
```mysql
SELECT prod_id, prod_name
FROM products
WHERE vend_id = (SELECT vend_id
                  FROM products
                  WHERE prod_id = 'DTNTR');

+---------+----------------+
| prod_id | prod_name      |
+---------+----------------+
| DTNTR   | Detonator      |
| FB      | Bird seed      |
| FC      | Carrots        |
| SAFE    | Safe           |
| SLING   | Sling          |
| TNT1    | TNT (1 stick)  |
| TNT2    | TNT (5 sticks) |
+---------+----------------+
```

è‡ªè”ç»“ï¼š

```mysql
SELECT p1.prod_id, p1.prod_name
FROM products AS p1, products AS p2
WHERE p1.vend_id = p2.vend_id
AND p2.prod_id = 'DTNTR';
+---------+----------------+
| prod_id | prod_name      |
+---------+----------------+
| DTNTR   | Detonator      |
| FB      | Bird seed      |
| FC      | Carrots        |
| SAFE    | Safe           |
| SLING   | Sling          |
| TNT1    | TNT (1 stick)  |
| TNT2    | TNT (5 sticks) |
+---------+----------------+
```

#### è‡ªç„¶è”ç»“

è¢«è”ç»“çš„åˆ—ï¼šè¡¨è”ç»“æ—¶è‡³å°‘æœ‰ä¸€ä¸ªåˆ—å‡ºç°åœ¨ä¸æ­¢ä¸€ä¸ªè¡¨ä¸­ã€‚æ ‡å‡†çš„è”ç»“ï¼ˆå†…éƒ¨è”ç»“ï¼‰è¿”å›æ‰€æœ‰æ•°æ®ï¼Œç”šè‡³ç›¸åŒçš„åˆ—å¤šæ¬¡å‡ºç°ã€‚**è‡ªç„¶è”ç»“æ’é™¤å¤šæ¬¡å‡ºç°ï¼Œä½¿æ¯ä¸ªåˆ—åªè¿”å›ä¸€æ¬¡ã€‚** å¹¶ä¸”è¿™ä¸ªå·¥ä½œç”±å¼€å‘è€…è‡ªå·±å®Œæˆã€‚

ä¸€èˆ¬å†…éƒ¨è”ç»“éƒ½æ˜¯è‡ªç„¶è”ç»“ã€‚

```mysql
select c.*, o.order_num, o.order_date,
       oi.prod_id, oi.quantity, oi.item_price
from customers as c, orders as o, orderitems as oi
where c.cust_id = o.cust_id
and oi.order_num = o.order_num
and prod_id = 'FB';
```

#### å¤–éƒ¨è”ç»“

å¤–éƒ¨è”ç»“ï¼šè”ç»“åŒ…å«äº†é‚£äº›åœ¨ç›¸å…³è¡¨ä¸­æ²¡æœ‰å…³è”è¡Œçš„è¡Œã€‚

å¯¹æ¯”å†…éƒ¨è”ç»“å’Œå¤–éƒ¨è”ç»“ã€‚

å†…éƒ¨è”ç»“ï¼ˆæ£€ç´¢æ‰€æœ‰å®¢æˆ·åŠå…¶è®¢å•ï¼‰ï¼š

```mysql
select customers.cust_id, orders.order_num 
from customers inner join orders 
on customers.cust_id=orders.cust_id;

+---------+-----------+
| cust_id | order_num |
+---------+-----------+
|   10001 |     20005 |
|   10001 |     20009 |
|   10003 |     20006 |
|   10004 |     20007 |
|   10005 |     20008 |
+---------+-----------+
```

å¤–éƒ¨è”ç»“ï¼ˆæ£€ç´¢æ‰€æœ‰å®¢æˆ·ï¼ŒåŒ…æ‹¬é‚£äº›æ²¡æœ‰è®¢å•çš„å®¢æˆ·ï¼‰ï¼š

```mysql
select customers.cust_id, orders.order_num 
from customers left outer join orders 
on customers.cust_id = orders.cust_id;

+---------+-----------+
| cust_id | order_num |
+---------+-----------+
|   10001 |     20005 |
|   10001 |     20009 |
|   10002 |      NULL |
|   10003 |     20006 |
|   10004 |     20007 |
|   10005 |     20008 |
+---------+-----------+
```

å¤–éƒ¨è”ç»“åˆ†ä¸ºå·¦å¤–è”ç»“ï¼ˆ `LEFT OUTER JOIN`  ç®€å†™ä¸º`Left Join`ï¼‰å’Œå³å¤–è”ç»“ï¼ˆ `RIGHT OUTER JOIN `ç®€å†™ä¸º`Right Join`ï¼‰ã€‚

#### ä½¿ç”¨å¸¦èšé›†å‡½æ•°çš„è”ç»“

```mysql 
select customers.cust_name,  
customers.cust_id, 
count(orders.order_num) as num_ord 
from customers left outer join orders 
on customers.cust_id = orders.cust_id 
group by customers.cust_id;

+----------------+---------+---------+
| cust_name      | cust_id | num_ord |
+----------------+---------+---------+
| Coyote Inc.    |   10001 |       3 |
| Mouse House    |   10002 |       0 |
| Wascals        |   10003 |       1 |
| Yosemite Place |   10004 |       1 |
| 1232           |   10005 |       1 |
+----------------+---------+---------+
```


### 17 ç»„åˆæŸ¥è¯¢

> **å¹¶**(union)æˆ–**ç»„åˆæŸ¥è¯¢**(compund query)ï¼šæ‰§è¡Œå¤šä¸ªæŸ¥è¯¢ï¼ˆå¤šæ¡selectè¯­å¥ï¼‰ï¼Œå¹¶å°†ç»“æœä½œä¸ºå•ä¸ªæŸ¥è¯¢ç»“æœé›†è¿”å›ã€‚

```mysql
select vend_id, prod_id, prod_price  
from products 
where prod_price <= 5
UNION 
select vend_id, prod_id, prod_price 
from products 
where vend_id in(1001,1002) 
order by vend_id, prod_price;

+---------+---------+------------+
| vend_id | prod_id | prod_price |
+---------+---------+------------+
|    1001 | ANV01   |       5.99 |
|    1001 | ANV02   |       9.99 |
|    1001 | ANV03   |      14.99 |
|    1002 | FU1     |       3.42 |
|    1002 | OL1     |       8.99 |
|    1003 | TNT1    |       2.50 |
|    1003 | FC      |       2.50 |
|    1003 | SLING   |       4.49 |
+---------+---------+------------+
```

ç»„åˆç›¸åŒè¡¨æŸ¥è¯¢å’Œå•ä¸ªè¡¨ä¸­çš„å¤šä¸ªwhereæ¡ä»¶ï¼Œå·¥ä½œæ˜¯ç›¸åŒï¼Œä½†æ€§èƒ½å¯èƒ½æœ‰å·®å¼‚ã€‚

UNIONä¸­çš„æ¯ä¸ªæŸ¥è¯¢**å¿…é¡»åŒ…å«ç›¸åŒçš„åˆ—ã€è¡¨è¾¾å¼æˆ–èšé›†å‡½æ•°**ï¼ˆä¸è¿‡å„ä¸ªåˆ—ä¸éœ€è¦ä»¥ç›¸åŒçš„æ¬¡åºåˆ—å‡ºï¼‰

UNIONè‡ªåŠ¨å»é™¤é‡å¤çš„è¡Œï¼ŒUNOIN ALLåˆ™ä¸ã€‚

ç»„åˆæŸ¥è¯¢ä¸­åªèƒ½æœ‰ä¸€ä¸ªorder byå­å¥å¯¹ç»„åˆç»“æœæ’åºï¼Œä¸èƒ½å¯¹å•ä¸ªæŸ¥è¯¢ç»“æœæ’åºã€‚

ç»„åˆæŸ¥è¯¢å¯ä»¥ç»„åˆä¸åŒçš„è¡¨ã€‚

### 18 å…¨æ–‡æœç´¢

MYISAMæ”¯æŒå…¨æ–‡æœç´¢ï¼ŒInnoDBä¸æ”¯æŒã€‚

å…¨æ–‡æœç´¢ç›¸å¯¹äºé€šé…ç¬¦å’Œæ­£åˆ™è¡¨è¾¾å¼åŒ¹é…çš„å‡ ä¸ªä¼˜åŠ¿ï¼š

- æ€§èƒ½
- æ˜ç¡®æ§åˆ¶
- æ™ºèƒ½åŒ–ç»“æœ

#### ä½¿ç”¨å…¨æ–‡æœ¬æœç´¢

**ä¸ºäº†è¿›è¡Œå…¨æ–‡æœ¬æœç´¢ï¼Œå¿…é¡»ç´¢å¼•è¢«æœç´¢çš„åˆ—ï¼Œè€Œä¸”è¦éšç€æ•°æ®çš„æ”¹å˜ä¸æ–­åœ°é‡æ–°ç´¢å¼•ã€‚** `FULLTEXT KEY note_text (note_text)`ã€‚

```mysql
Create Table: CREATE TABLE `productnotes` (
  `note_id` int(11) NOT NULL AUTO_INCREMENT,
  `prod_id` char(10) NOT NULL,
  `note_date` datetime NOT NULL,
  `note_text` text,
  PRIMARY KEY (`note_id`),
  FULLTEXT KEY `note_text` (`note_text`)
) ENGINE=MyISAM AUTO_INCREMENT=115 DEFAULT CHARSET=latin1
```

> ä¸è¦åœ¨å¯¼å…¥æ•°æ®æ˜¯ä½¿ç”¨FULLTEXT ï¼Œæœ€å¥½é¦–å…ˆå¯¼å…¥æ‰€æœ‰æ•°æ®ï¼Œç„¶åå†ä¿®æ”¹è¡¨ï¼Œå®šä¹‰FULLTEXTã€‚

åœ¨ç´¢å¼•ä¹‹åï¼Œä½¿ç”¨ä¸¤ä¸ªå‡½æ•°**Match()å’ŒAgainst()**æ‰§è¡Œå…¨æ–‡æœ¬æœç´¢ï¼Œå…¶ä¸­Match()æŒ‡å®šè¢«æœç´¢çš„åˆ—ï¼ŒAgainst()æŒ‡å®šè¦ä½¿ç”¨çš„æœç´¢è¡¨è¾¾å¼ã€‚

```mysql
select note_text 
from productnotes 
where Match(note_text) Against('rabbit');
```

ç»“æœï¼š![](../../images/learn-database-001.jpg)

ä½¿ç”¨Likeå­å¥ï¼š

```sql
select note_text
from productnotes
WHERE note_text LIKE '%rabbit%';
```

ç»“æœï¼š![](../../images/learn-database-002.jpg)

ç»“æœçš„æ’åºä¸åŒï¼Œå…¨æ–‡æœç´¢çš„ç»“æœæ’åºæ˜¯ç¡®å®šï¼ŒäºŒLikeå­å¥å°±ä¸ä¸€å®šäº†ã€‚

æŠŠ`Match(note_text) Against('rabbit')`æ”¾åœ¨selectä¸­å°±çŸ¥é“å…¨æ–‡æœç´¢æ€ä¹ˆæ’åºçš„äº†

```sql
select note_text,
			Match(note_text) Against('rabbit') as `rank`
from productnotes;
```

ç»“æœï¼š![](../../images/learn-database-003.jpg)

`rank`åˆ—æ˜¯æ ¹æ®è¡Œä¸­**è¯çš„æ•°ç›®ã€å”¯ä¸€è¯çš„æ•°ç›®ã€æ•´ä¸ªç´¢å¼•ä¸­è¯çš„æ€»æ•°ä»¥åŠåŒ…å«è¯¥è¯çš„è¡Œçš„æ•°ç›®**è®¡ç®—å‡ºæ¥ã€‚0å°±æ˜¯ä¸åŒ…å«ï¼Œè¶Šå¤§è¡¨ç¤ºåŒ¹é…è¶Šé«˜ã€‚

##### ä½¿ç”¨æŸ¥è¯¢æ‰©å±•



##### å¸ƒå°”æ–‡æœ¬æœç´¢



### 19 æ’å…¥æ•°æ®

#### INSERT æ’å…¥å®Œæ•´çš„è¡Œ

```sql
INSERT INTO customers(cust_name, cust_address, cust_city, cust_state, cust_zip, cust_country, cust_contact, cust_email) 
VALUES('Pep E. LaPew', '100 Main Street', 'Los Angeles', 'CA', '90046', 'USA', NULL, NULL);
```

`cust_id`ä½œä¸ºè‡ªå¢å­—æ®µå¯ä»¥ç»™NULLæˆ–è€…çœç•¥ã€‚

**çœç•¥åˆ—**ï¼Œè¯¥åˆ—å…è®¸ä¸ºNULLå€¼æˆ–è€…å·²æœ‰é»˜è®¤å€¼ã€‚

**æé«˜æ€§èƒ½**ï¼Œ`INSERT LOW_PRIORITY INTO`ï¼Œé™ä½INSERTè¯­å¥çš„ä¼˜å…ˆçº§ã€‚

#### æ’å…¥å¤šä¸ªè¡Œ

```sql
INSERT INTO customers(cust_name, cust_address, cust_city, cust_state, cust_zip, cust_country, cust_contact, cust_email) 
VALUES('Pep E. LaPew', '100 Main Street', 'Los Angeles', 'CA', '90046', 'USA', NULL, NULL),
('Bill Gates', '1 Main Street', 'Los Angeles', 'CA', '90046', 'USA', NULL, NULL);
```



#### æ’å…¥æ£€ç´¢å‡ºçš„æ•°æ®

**INSERT SELECT**ã€‚ä¸ä¸€ä¸ªè¡¨çš„æŸ¥è¯¢ç»“æœå¯¼å…¥å¦ä¸€è¡¨ä¸­ã€‚

```mysql
INSERT INTO customers (cust_id, cust_contact, cust_email, cust_name, cust_address, cust_city, cust_state, cust_zip, cust_country) 
SELECT cust_id, cust_contact, cust_email, cust_name, cust_address, cust_city, cust_state, cust_zip, cust_country
FROM custnew;
```

å¦‚æœä¸èƒ½ç¡®ä¿ä¸¤ä¸ªè¡¨ä¸­çš„cust_idä¸é‡å¤ï¼Œå¯ä»¥çœç•¥cust_idï¼Œè®©MySQLè‡ªåŠ¨é€’å¢ã€‚

ä¸ä¸€å®šè¦æ±‚ä¸¤ä¸ªè¡¨çš„åˆ—ååŒ¹é…ã€‚äº‹å®ä¸Šï¼ŒMySQLç”šè‡³ä¸å…³å¿ƒSELECTè¿”å›çš„åˆ—åï¼Œåªå…³å¿ƒä½ç½®ã€‚



### 20 æ›´æ–°å’Œåˆ é™¤æ•°æ®

#### æ›´æ–°æ•°æ®

**UPDATE DELETEä¸è¦å¿˜è®°è¿‡æ»¤æ¡ä»¶whereã€‚**

Updateè¯­å¥3éƒ¨åˆ†ï¼šè¦æ›´æ–°çš„è¡¨ï¼›åˆ—åå’Œå®ƒä»¬çš„æ–°å€¼ï¼›è¿‡æ»¤æ¡ä»¶ã€‚

```mysql
Update customers
Set cust_email = 'xxxx@fudd.com',
		cust_name = 'The Fudds'
Where cust_id = 10005;
```

> **IGNOREå…³é”®å­—** 
>
> å¦‚æœç”¨UPDATEè¯­å¥æ›´æ–°å¤šè¡Œï¼Œå¹¶ä¸”åœ¨æ›´æ–°è¿™äº›è¡Œä¸­çš„ä¸€è¡Œæˆ–å¤šè¡Œæ—¶å‡ºç°ä¸€ä¸ªé”™è¯¯ï¼Œåˆ™æ•´ä¸ªUPDATEæ“ä½œè¢«å–æ¶ˆï¼ˆé”™è¯¯å‘ç”Ÿå‰æ›´æ–°çš„æ‰€æœ‰è¡Œè¢«æ¢å¤åˆ°å®ƒä»¬åŸæ¥çš„å€¼ï¼‰ã€‚
>
> å³ä½¿æ˜¯å‘ç”Ÿé”™è¯¯ï¼Œä¹Ÿç»§ç»­è¿›è¡Œæ›´æ–°ï¼Œå¯ä½¿ç”¨IGNOREå…³é”®å­—ï¼š
>
> UPDATE IGNORE customers...



é”™è¯¯å‘ç”Ÿå‰æ›´æ–°çš„æ‰€æœ‰è¡Œè¢«æ¢å¤åˆ°å®ƒä»¬åŸæ¥çš„å€¼ï¼ŒIGNOREï¼Ÿï¼Ÿ

```sql
UPDATE IGNORE customers
SET cust_name = 'The Fudds',
cust_email = elmer@fudd.com
WHERE cust_id = 10005;
```

#### åˆ é™¤æ•°æ®

DELETE åªåˆ é™¤è¡Œï¼Œä¸èƒ½åˆ é™¤è¡¨æœ¬èº«

```sql
DELETE FROM customers
WHERE cust_id = 10006;
```

```mysql
Truncate tablename;

æ›´å¿«çš„åˆ é™¤è¡¨ä¸­æ‰€æœ‰è¡Œï¼ˆåˆ é™¤è¡¨åé‡æ–°å»ºï¼‰ã€‚
```

#### æŒ‡å¯¼åŸåˆ™

- é™¤éç¡®å®æ‰“ç®—æ›´æ–°å’Œåˆ é™¤æ¯ä¸€è¡Œï¼Œå¦åˆ™ç»å¯¹ä¸è¦ä½¿ç”¨ä¸å¸¦WHEREå­å¥çš„UPDATEæˆ–DELETEè¯­å¥ã€‚
- ä¿è¯æ¯ä¸ªè¡¨éƒ½æœ‰ä¸»é”®ï¼Œå°½å¯èƒ½åƒWHEREå­å¥é‚£æ ·ä½¿ç”¨å®ƒï¼ˆå¯ä»¥æŒ‡å®šå„ä¸»é”®ã€å¤šä¸ªå€¼æˆ–å€¼çš„èŒƒå›´ï¼‰ã€‚
- åœ¨å¯¹UPDATEæˆ–DELETEè¯­å¥ä½¿ç”¨WHEREå­å¥å‰ï¼Œåº”è¯¥å…ˆç”¨SELECTè¿›è¡Œæµ‹è¯•ï¼Œä¿è¯å®ƒè¿‡æ»¤çš„æ˜¯æ­£ç¡®çš„è®°å½•ï¼Œä»¥é˜²ç¼–å†™çš„WHEREå­å¥ä¸æ­£ç¡®ã€‚
- åœ¨å¯¹UPDATEæˆ–DELETEè¯­å¥ä½¿ç”¨WHEREå­å¥å‰ï¼Œåº”è¯¥å…ˆç”¨SELECTè¿›è¡Œæµ‹è¯•ï¼Œä¿è¯å®ƒè¿‡æ»¤çš„æ˜¯æ­£ç¡®çš„è®°å½•ï¼Œä»¥é˜²ç¼–å†™çš„WHEREå­å¥ä¸æ­£ç¡®ã€‚
-  ä½¿ç”¨å¼ºåˆ¶å®æ–½å¼•ç”¨å®Œæ•´æ€§çš„æ•°æ®åº“ï¼ˆå…³äºè¿™ä¸ªå†…å®¹ï¼Œè¯·å‚é˜…ç¬¬15ç« ï¼‰ï¼Œè¿™æ ·MySQLå°†ä¸å…è®¸åˆ é™¤å…·æœ‰ä¸å…¶ä»–è¡¨ç›¸å…³è”çš„æ•°æ®çš„è¡Œã€‚

- **MySQLæ²¡æœ‰æ’¤é”€ï¼ˆundoï¼‰æŒ‰é’®ã€‚åº”è¯¥éå¸¸å°å¿ƒåœ°ä½¿ç”¨UPDATEå’ŒDELETEï¼Œå¦åˆ™ä½ ä¼šå‘ç°è‡ªå·±æ›´æ–°æˆ–åˆ é™¤äº†é”™è¯¯çš„æ•°æ®ã€‚**



### 21 åˆ›å»ºå’Œæ“çºµè¡¨

#### åˆ›å»ºè¡¨

```mysql
CREATE TABLE productnotes (
  note_id int NOT NULL AUTO_INCREMENT,
  prod_id char(10) NOT NULL,
  note_date datetime NOT NULL,
  note_text text NULL ,
  PRIMARY KEY(note_id),
  FULLTEXT(note_text)
) ENGINE=MyISAM;
```

`IF NOT EXISTS`

NULLå€¼æ˜¯æ²¡æœ‰å€¼ï¼Œå®ƒä¸æ˜¯ç©ºä¸²ã€‚

æ¯ä¸ªè¡¨åªå…è®¸ä¸€ä¸ªAUTO_INCREMENTåˆ—ï¼Œè€Œä¸”å®ƒå¿…é¡»è¢«ç´¢å¼•ï¼ˆé€šå¸¸å°±æ˜¯ä¸»é”®ï¼‰ã€‚



è·å¾—AUTO_INCREMENTæ—¶çš„å€¼ `select last_insert_id()`ã€‚ ??



**æŒ‡å®šé»˜è®¤å€¼**ï¼š `quantity int NOT NULL DEFAULT 1 ,` ,é»˜è®¤å€¼å¿…é¡»æ˜¯å¸¸æ•°ä¸èƒ½æ˜¯å‡½æ•°

**å¼•æ“ç±»å‹** 

InnoDB æ”¯æŒäº‹åŠ¡ï¼Œä¸æ”¯æŒå…¨æ–‡æœ¬æœç´¢ï¼›

MyISAMä¸ä¹‹ç›¸åï¼›

æ¯ä¸ªMyISAMè¡¨åœ¨ç£ç›˜ç”Ÿäº§ä¸‰ä¸ªæ–‡ä»¶ï¼š

tablename.frm --.frmæ–‡ä»¶æ˜¯ç”¨æ¥ä¿å­˜æ¯ä¸ªæ•°æ®è¡¨çš„å…ƒæ•°æ®(meta)ä¿¡æ¯ï¼ŒåŒ…æ‹¬è¡¨ç»“æ„çš„å®šä¹‰ç­‰ï¼Œfrmæ–‡ä»¶è·Ÿæ•°æ®åº“å­˜å‚¨å¼•æ“æ— å…³ï¼Œä¹Ÿå°±æ˜¯ä»»ä½•å­˜å‚¨å¼•æ“çš„æ•°æ®è¡¨éƒ½å¿…é¡»æœ‰.frmæ–‡ä»¶..frmæ–‡ä»¶å¯ä»¥ç”¨æ¥åœ¨æ•°æ®åº“å´©æºƒæ—¶æ¢å¤è¡¨ç»“æ„ã€‚

æ•°æ®æ–‡ä»¶çš„æ‰©å±•åä¸ºÂ·MYD (MYData)

ç´¢å¼•æ–‡ä»¶çš„æ‰©å±•åæ˜¯.MYI (MYIndex)

MEMORYåŠŸèƒ½ç­‰ä»·äºMyISAMï¼Œä½†æ•°æ®å­˜å‚¨åœ¨å†…å­˜ä¸­ï¼ˆé€‚åˆä¸´æ—¶è¡¨ï¼‰ï¼›

**å¤–é”®ä¸èƒ½è·¨å¼•æ“**



#### æ›´æ–°è¡¨

```sql
ALTER TABLE vendors ADD vend_phone CHAR(20); [å¢åŠ åˆ—]

ALTER TABLE vendors DROP vend_phone CHAR(20); [åˆ é™¤åˆ—]
```

ALTER TABLE å¯ä»¥ç”¨æ¥å®šä¹‰å¤–é”®:

```mysql
ALTER TABLE orderitems
ADD CONSTRAINT `fk_orderitems_orders` 
FOREIGN KEY (`order_num`) REFERENCES `orders` (`order_num`);

ALTER TABLE orderitems
ADD CONSTRAINT `fk_orderitems_products` 
FOREIGN KEY (`prod_id`) REFERENCES `products` (`prod_id`);

ALTER TABLE orders
ADD CONSTRAINT `fk_orders_customers` 
FOREIGN KEY (`cust_id`) REFERENCES `customers` (`cust_id`);


ALTER TABLE products
ADD CONSTRAINT `fk_products_vendors` FOREIGN KEY (`vend_id`) REFERENCES `vendors` (`vend_id`);
```

å¤æ‚çš„è¡¨ç»“æ„æ›´æ”¹ä¸€èˆ¬éœ€è¦æ‰‹åŠ¨åˆ é™¤è¿‡ç¨‹ï¼Œå®ƒæ¶‰åŠä»¥ä¸‹æ­¥éª¤ï¼š

- ç”¨æ–°çš„åˆ—å¸ƒå±€åˆ›å»ºä¸€ä¸ªæ–°è¡¨ï¼›
- ä½¿ç”¨INSERT SELECTè¯­å¥ä»æ—§è¡¨å¤åˆ¶æ•°æ®åˆ°æ–°è¡¨ã€‚å¦‚æœæœ‰å¿…è¦ï¼Œå¯ä½¿ç”¨è½¬æ¢å‡½æ•°å’Œè®¡ç®—å­—æ®µï¼›
- æ£€éªŒåŒ…å«æ‰€éœ€æ•°æ®çš„æ–°è¡¨ï¼› 
- é‡å‘½åæ—§è¡¨ï¼ˆå¦‚æœç¡®å®šï¼Œå¯ä»¥åˆ é™¤å®ƒï¼‰ï¼›
- ç”¨æ—§è¡¨åŸæ¥çš„åå­—é‡å‘½åæ–°è¡¨ï¼›
- æ ¹æ®éœ€è¦ï¼Œé‡æ–°åˆ›å»ºè§¦å‘å™¨ã€å­˜å‚¨è¿‡ç¨‹ã€ç´¢å¼•å’Œå¤–é”®ã€‚

è¡¨çš„ä¿®æ”¹éœ€è¦è°¨æ…ï¼Œäº‹å‰éœ€è¦å®Œæ•´å¤‡ä»½ã€‚

#### åˆ é™¤è¡¨

```mysql
DROP TABLE customers2;
```

#### é‡å‘½åè¡¨

```mysql
RENAMEã€€TABLE customers2 TO customers;
```



### 22 è§†å›¾æ˜¯è™šæ‹Ÿçš„è¡¨

#### 2.1 è§†å›¾

**è§†å›¾æ˜¯è™šæ‹Ÿçš„è¡¨ã€‚ä¸åŒ…å«æ•°æ®çš„è¡¨ä¸ä¸€æ ·ï¼Œè§†å›¾åªåŒ…å«ä½¿ç”¨æ—¶åŠ¨æ€æ£€ç´¢æ•°æ®çš„æŸ¥è¯¢ã€‚**

ä¹‹å‰ç”¨æ¥æ£€ç´¢è®¢è´­äº†æŸä¸ªç‰¹å®šäº§å“çš„å®¢æˆ·çš„SQLï¼š

```mysql
Select cust_name, cust_contact
From customers, orders, orderitems
Where customers.cust_id = order.cust_id
	And orderitems.order_num = orders.order_num
	And pro_id = 'TNT2';
```

å¦‚æœæœ‰ä¸ªç±»ä¼¼`productcustomers`çš„è™šæ‹Ÿè¡¨ï¼Œé‚£ä¹ˆä¸Šé¢çš„æ£€ç´¢å°±å¯ä»¥ç®€åŒ–ä¸ºï¼š

```mysql
Select cust_name, cust_contact 
From productcustomers
Where prod_id = 'TNT2';
```



#####  ä¸ºä»€ä¹ˆä½¿ç”¨è§†å›¾ï¼Ÿ

- é‡ç”¨SQLè¯­å¥ã€‚
- ç®€åŒ–å¤æ‚çš„SQLæ“ä½œã€‚åœ¨ç¼–å†™æŸ¥è¯¢åï¼Œå¯ä»¥æ–¹ä¾¿åœ°é‡ç”¨å®ƒè€Œä¸å¿…çŸ¥é“å®ƒçš„åŸºæœ¬æŸ¥è¯¢ç»†èŠ‚ã€‚
- ä½¿ç”¨è¡¨çš„ç»„æˆéƒ¨åˆ†è€Œä¸æ˜¯æ•´ä¸ªè¡¨ã€‚
- ä¿æŠ¤æ•°æ®ã€‚å¯ä»¥ç»™ç”¨æˆ·æˆäºˆè¡¨çš„ç‰¹å®šéƒ¨åˆ†çš„è®¿é—®æƒé™è€Œä¸æ˜¯æ•´ä¸ªè¡¨çš„è®¿é—®æƒé™ã€‚
- æ›´æ”¹æ•°æ®æ ¼å¼å’Œè¡¨ç¤ºã€‚è§†å›¾å¯è¿”å›ä¸åº•å±‚è¡¨çš„è¡¨ç¤ºå’Œæ ¼å¼ä¸åŒçš„æ•°æ®ã€‚

> æ³¨ï¼šåœ¨éƒ¨ç½²ä½¿ç”¨äº†å¤§é‡è§†å›¾çš„åº”ç”¨å‰ï¼Œåº”è¯¥è¿›è¡Œæµ‹è¯•ã€‚

##### è§†å›¾çš„è§„åˆ™å’Œé™åˆ¶

- å”¯ä¸€å‘½å
- æ•°ç›®æ²¡æœ‰é™åˆ¶
- å¿…é¡»å…·æœ‰è¶³å¤Ÿçš„è®¿é—®æƒé™
- å¯ä»¥åµŒå¥—ï¼Œå³å¯ä»¥åˆ©ç”¨ä»å…¶ä»–è§†å›¾ä¸­æ£€ç´¢æ•°æ®çš„æŸ¥è¯¢æ¥æ„é€ ä¸€ä¸ªè§†å›¾
- è§†å›¾ä¸­çš„`ORDER BY`ä¼šè¢«å¤–é¢çš„è¦†ç›–
- è§†å›¾ä¸­çš„`Where`ä¼šå¤–é¢çš„è‡ªåŠ¨ç»„åˆ
- è§†å›¾ä¸èƒ½ç´¢å¼•ï¼Œä¹Ÿä¸èƒ½æœ‰å…³è”çš„è§¦å‘å™¨æˆ–é»˜è®¤å€¼
- è§†å›¾å¯ä»¥å’Œè¡¨ä¸€èµ·ä½¿ç”¨

#### 22.2 ä½¿ç”¨è§†å›¾

```mysql
-- åˆ›å»ºè§†å›¾
CREATE VIEW    ;

-- æŸ¥çœ‹è§†å›¾çš„è¯­å¥
SHOW CREATE VIEW viewname;

-- åˆ é™¤è§†å›¾
DROP VIEW viewname;

-- æŸ¥çœ‹æ‰€æœ‰è§†å›¾
show table status where comment='view';
```

##### åˆ©ç”¨è§†å›¾ç®€åŒ–å¤æ‚çš„è”ç»“

```mysql
CREATE VIEW productcustomers AS 
SELECT cust_name, cust_contact, prod_id 
FROM customers, orders, orderitems 
WHERE customers.cust_id = orders.cust_id 
	AND orderitems.order_num = orders.order_num;
```

##### ç”¨è§†å›¾é‡æ–°æ ¼å¼åŒ–æ£€ç´¢å‡ºçš„æ•°æ® 

```mysql
CREATE VIEW vendorlocations AS
SELECT Concat(RTrim(vend_name), '(', RTrim(vend_country), ')') 
	AS vend_title
FROM vendors
ORDER BY vend_name;
```

å¦‚æœç»å¸¸éœ€è¦è¿™ç§ç»„åˆæ ¼å¼ç»“æœï¼Œå°±å¯ä½¿æŠŠå®ƒåšæˆè§†å›¾ï¼Œä¹‹åçš„æ£€ç´¢æ˜¯å°±å¯ç®€åŒ–ä¸ºï¼š

```mysql
Select *
From vendorlocations;
```

##### ç”¨è§†å›¾è¿‡æ»¤ä¸æƒ³è¦çš„æ•°æ®

```mysql
CREATE VIEW customeremaillist AS
SELECT cust_id, cust_name, cust_email
FROM customers
WHERE cust_email IS NOT NULL;
```

##### ä½¿ç”¨è§†å›¾ä¸è®¡ç®—å­—æ®µ 

```mysql
SELECT 
		order_num,
		prod_id,
		quantity,
		item_price,
		quantity * item_price AS expanded_price 
FROM orderitems;
Where order_num = 20005;
```

è½¬åŒ–ä¸ºï¼š

```mysql
CREATE VIEW orderitemsexpanded AS 
SELECT 
		order_num,
		prod_id,
		quantity,
		item_price,
		quantity * item_price AS expanded_price 
FROM orderitems;

Select * 
From orderitemsexpanded
Where order_num = 20005;
```

##### æ›´æ–°è§†å›¾

ä¸€èˆ¬è§†å›¾ä¸»è¦ç”¨äºæ£€ç´¢ï¼ˆselectï¼‰ï¼Œä¸ç”¨äºæ›´æ–°ï¼ˆinsertï¼Œupdateï¼Œdeleteï¼‰ï¼Œæ›´æ–°ä¸€ä¸ªè§†å›¾å°†æ›´æ–°å…¶åŸºè¡¨æ•°æ®ï¼ˆè§†å›¾æ²¡æœ‰æ•°æ®ï¼‰ã€‚

è§†å›¾æ›´æ–°æœ‰å¾ˆå¤šé™åˆ¶ï¼Œæœ‰ä¸‹é¢æ“ä½œä¸èƒ½è¿›è¡Œè§†å›¾æ›´æ–°ï¼š

> åˆ†ç»„ï¼ˆä½¿ç”¨GROUP BYå’ŒHAVINGï¼‰ï¼›
>
> è”ç»“ï¼›
>
> å­æŸ¥è¯¢ï¼›
>
> å¹¶ï¼›
>
> èšé›†å‡½æ•°ï¼ˆMin()ã€Count()ã€Sum()ç­‰ï¼‰
>
> DISTINCTï¼›
>
> å¯¼å‡ºï¼ˆè®¡ç®—ï¼‰åˆ—



### 23 å­˜å‚¨è¿‡ç¨‹

ç»å¸¸ä¼šæœ‰ä¸€ä¸ªå®Œæ•´çš„æ“ä½œéœ€è¦å¤šæ¡è¯­å¥æ‰èƒ½å®Œæˆã€‚
å­˜å‚¨è¿‡ç¨‹ç®€å•æ¥è¯´ï¼Œå°±æ˜¯**ä¸ºä»¥åçš„ä½¿ç”¨è€Œä¿å­˜çš„ä¸€æ¡æˆ–å¤šæ¡MySQLè¯­å¥çš„é›†åˆ**ã€‚

#### ä¸ºä»€ä¹ˆè¦ä½¿ç”¨å­˜å‚¨è¿‡ç¨‹

ä¼˜ç‚¹ï¼š

- å°è£…ï¼Œç®€åŒ–å¤æ‚çš„æ“ä½œã€‚

- ä¿è¯æ•°æ®çš„å®Œæ•´æ€§ã€‚

- ç®€åŒ–å¯¹å˜åŠ¨çš„ç®¡ç†ï¼Œå¦‚æœè¡¨åã€åˆ—åæˆ–ä¸šåŠ¡é€»è¾‘ï¼ˆæˆ–åˆ«çš„å†…å®¹ï¼‰æœ‰å˜åŒ–ï¼Œåªéœ€è¦æ›´æ”¹å­˜å‚¨è¿‡ç¨‹çš„ä»£ç ã€‚

  é€šè¿‡å­˜å‚¨è¿‡ç¨‹**é™åˆ¶å¯¹åŸºç¡€æ•°æ®çš„è®¿é—®**å‡å°‘äº†æ•°æ®è®¹è¯¯ï¼ˆæ— æ„è¯†çš„æˆ–åˆ«çš„åŸå› æ‰€å¯¼è‡´çš„æ•°æ®è®¹è¯¯ï¼‰çš„æœºä¼šã€‚

- æé«˜æ€§èƒ½ã€‚

æ€»çš„æ¥è¯´å°±æ˜¯ç®€å•ã€å®‰å…¨ã€é«˜æ€§èƒ½ã€‚

ç¼ºç‚¹ï¼š

- ç¼–å†™æ¯”åŸºæœ¬SQLè¯­å¥å¤æ‚ã€‚
- ä½ å¯èƒ½æ²¡æœ‰åˆ›å»ºå­˜å‚¨è¿‡ç¨‹çš„å®‰å…¨è®¿é—®æƒé™ã€‚

#### ä½¿ç”¨å­˜å‚¨è¿‡ç¨‹

##### æ‰§è¡Œå­˜å‚¨è¿‡ç¨‹

å­˜å‚¨è¿‡ç¨‹çš„æ‰§è¡Œç§°ä¸º**è°ƒç”¨ï¼ˆCALLï¼‰**ã€‚
```mysql
CALL productpricing(@pricelow,
 										@pricehigh,
 										@priceaverge);
```
æ‰§è¡Œåä¸º`productpricing`çš„å­˜å‚¨è¿‡ç¨‹ï¼Œå®ƒè®¡ç®—å¹¶è¿”å›äº§å“çš„æœ€ä½ã€æœ€é«˜å’Œå¹³å‡ä»·æ ¼ã€‚

##### åˆ›å»ºå­˜å‚¨è¿‡ç¨‹

åˆ›å»ºæ˜¯ä¸ä¼šè¿”å›æ•°æ®ï¼Œè°ƒç”¨å­˜å‚¨è¿‡ç¨‹æ‰ä¼šè¿”å›æ•°æ®ã€‚

```mysql
CREATE PROCEDURE productpricing()
BEGIN
	SELECT Avg(prod_price) AS priceaverage
	FROM products;
END;
```

å¦‚æœä½¿ç”¨MySQLå‘½ä»¤è¡Œå·¥å…·æ—¶ï¼ŒMySQLè¯­å¥å’ŒMySQLå‘½ä»¤è¡Œå·¥å…·éƒ½ä½¿ç”¨`;`ä½œä¸ºåˆ†éš”ç¬¦ï¼Œå¯ä»¥ä½¿ç”¨`DELIMITER`ï¼ˆdelimiterï¼Œå®šç•Œç¬¦ï¼‰ä¸´æ—¶æ›´æ”¹å‘½ä»¤è¡Œå®ç”¨ç¨‹åºçš„è¯­å¥åˆ†éš”ç¬¦ï¼š

```mysql
DELIMITER //

CREATE PROCEDURE productpricing()
BEGIN
	SELECT Avg(prod_price) AS priceaverage
	FROM products;
END //

DELIMITER ;
```

é™¤`\`ç¬¦å·å¤–ï¼Œä»»ä½•å­—ç¬¦éƒ½å¯ä»¥ç”¨ä½œè¯­å¥åˆ†éš”ç¬¦ã€‚

è°ƒç”¨å­˜å‚¨è¿‡ç¨‹ï¼š 

```mysql
mysql> call productpricing();
+--------------+
| priceaverage |
+--------------+
|    16.133571 |
+--------------+
```


##### åˆ é™¤å­˜å‚¨è¿‡ç¨‹

æ³¨æ„æ²¡æœ‰æ‹¬å· ã€‚
```mysql
DROP PROCEDURE productpricing;
```

ä¸å­˜åœ¨å­˜å‚¨è¿‡ç¨‹ï¼Œåˆ é™¤æ—¶ä¼šæŠ¥é”™ï¼Œå¯åŠ ä¸Š`IF Exists`ï¼š

```mysql
DROP PROCEDURE IF Exists productpricing;
```

##### ä½¿ç”¨å‚æ•° 

productpricingåªæ˜¯ç®€å•åœ°æ˜¾ç¤ºSELECTè¯­å¥çš„ç»“æœã€‚

ä¸€èˆ¬ï¼Œå­˜å‚¨è¿‡ç¨‹å¹¶ä¸æ˜¾ç¤ºç»“æœï¼Œè€Œæ˜¯æŠŠç»“æœè¿”å›ç»™æŒ‡å®šçš„å˜é‡ã€‚

```mysql
DELIMITER //

CREATE PROCEDURE productpricing ( 
	OUT pl DECIMAL(8, 2), 
	OUT ph DECIMAL(8, 2), 
	OUT pa DECIMAL(8, 2) 
) 
BEGIN
	SELECT min(prod_price) INTO pl 
	FROM products;
	SELECT max(prod_price) INTO ph 
	FROM products;
	SELECT avg(prod_price) INTO pa 
	FROM products;
END //

DELIMITER ;
```

3ä¸ªå‚æ•°ï¼šplå­˜å‚¨äº§å“æœ€ä½ä»·æ ¼ï¼Œphå­˜å‚¨äº§å“æœ€é«˜ä»·æ ¼ï¼Œpaå­˜å‚¨äº§å“å¹³å‡ä»·æ ¼ã€‚

`OUT` ï¼šä»å­˜å‚¨è¿‡ç¨‹ä¼ å‡ºç»™è°ƒç”¨è€…

`IN` ï¼šä¼ é€’ç»™å­˜å‚¨è¿‡ç¨‹

`INOUT` : å¯¹å­˜å‚¨è¿‡ç¨‹ä¼ å…¥å’Œä¼ å‡º

ä¸€ç³»åˆ—SELECTè¯­å¥ï¼Œç”¨æ¥æ£€ç´¢å€¼ï¼Œç„¶åä¿å­˜åˆ°ç›¸åº”çš„å˜é‡ï¼ˆé€šè¿‡æŒ‡å®š`INTO`å…³é”®å­—ï¼‰ã€‚

è°ƒç”¨æ­¤å­˜å‚¨è¿‡ç¨‹ï¼šï¼ˆå¿…é¡»åˆ¶å®š3ä¸ªå˜é‡åï¼Œ**mysqlå˜é‡ä»¥@å¼€å¤´**ï¼‰

```mysql
CAll productpricing(@pricelow, @pricehigh, @priceaverage);
```

è¿™æ ·ï¼Œå­˜å‚¨è¿‡ç¨‹çš„ç»“æœå°±ä¿å­˜åˆ°ä¸‰ä¸ªå‚æ•°ä¸­ï¼Œå¯ä»¥é€šè¿‡SELECTè¯­å¥æŸ¥è¯¢ã€‚

```mysql
mysql> SELECT @pricelow, @pricehigh, @priceaverage;
+-----------+------------+---------------+
| @pricelow | @pricehigh | @priceaverage |
+-----------+------------+---------------+
|      2.50 |      55.00 |         16.13 |
+-----------+------------+---------------+
```

å¦ä¸€ä¸ªä¾‹å­ï¼Œordertotalæ¥å—è®¢å•å·å¹¶è¿”å›è¯¥è®¢å•çš„åˆè®¡ï¼š

```mysql
DELIMITER //
CREATE PROCEDURE ordertotal ( 
	IN onumber INT, 
	OUT ototal DECIMAL(8, 2) 
) 
BEGIN
	SELECT sum( item_price * quantity ) 
	FROM orderitems 
	WHERE order_num = onumber 
	INTO ototal;
END //
DELIMITER ;
```

è°ƒç”¨ :

```mysql
CALL ordertotal(20005, @total);
SELECT @total;

+--------+
| @total |
+--------+
| 149.87 |
+--------+
```



##### å»ºç«‹æ™ºèƒ½å­˜å‚¨è¿‡ç¨‹ 

åœºæ™¯ï¼šéœ€è¦è·å¾—ä¸ä»¥å‰ä¸€æ ·çš„è®¢å•åˆè®¡ï¼Œä½†éœ€è¦å¯¹åˆè®¡å¢åŠ è¥ä¸šç¨ï¼Œä¸è¿‡åªé’ˆå¯¹æŸäº›é¡¾å®¢ï¼ˆæˆ–è®¸æ˜¯ä½ æ‰€åœ¨å·ä¸­é‚£äº›é¡¾å®¢ï¼‰ã€‚åˆ†æ­¥ï¼š

- è·å¾—åˆè®¡ï¼ˆä¸ä»¥å‰ä¸€æ ·ï¼‰ï¼›
- æŠŠè¥ä¸šç¨æœ‰æ¡ä»¶åœ°æ·»åŠ åˆ°åˆè®¡ï¼›
- è¿”å›åˆè®¡ï¼ˆå¸¦æˆ–ä¸å¸¦ç¨ï¼‰ã€‚

```mysql
-- Name: ordertotal
-- Parameters: onumber = oreder number
--    texable = æ˜¯å¦å¢åŠ è¥ä¸šç¨
--    ototal = order total varible
CREATE PROCEDURE ordertotal ( 
	IN onumber INT, 
	IN taxable boolean, 
	OUT ototal DECIMAL ( 8, 2 ) 
) COMMENT 'Obtain order total, optionally adding tax' 
BEGIN
	-- declare variable for total
	DECLARE total DECIMAL ( 8, 2 );
	-- å®šä¹‰å˜é‡ç¨ç‡
	DECLARE taxrate INT DEFAULT 6;
	
	-- get the order total
	SELECT sum( item_price * quantity ) 
	FROM orderitems 
	WHERE order_num = onumber INTO total;
	
	-- Is this taxable?
	IF taxable THEN
		-- yes, so add taxrate to the total
		SELECT total + (total / 100 * taxrate ) INTO total;
	END IF;
	
	-- and finally,save to out variable
	SELECT total INTO ototal;
END;
```

```mysql
call ordertotal(20005, 0, @total);
select @total;
```

##### æ£€æŸ¥å­˜å‚¨è¿‡ç¨‹

æŸ¥çœ‹æ‰€æœ‰æ•°æ®åº“é‡Œæ‰€æœ‰å­˜å‚¨è¿‡ç¨‹ä»¥åŠæ¯ä¸ªå­˜å‚¨è¿‡ç¨‹çš„åˆ›å»ºè€…ã€åˆ›å»ºæ—¶é—´ç­‰ä¿¡æ¯ï¼š

```mysql
SHOW PROCEDURE STATUS;

-- è¿‡æ»¤
SHOW PROCEDURE STATUS LIKE 'ordertotal'; 
```

æ˜¾ç¤ºç”¨æ¥åˆ›å»ºä¸€ä¸ªå­˜å‚¨è¿‡ç¨‹çš„CREATEè¯­å¥ç­‰ä¿¡æ¯ï¼š

```mysql
 SHOW CREATE PROCEDURE ordertotal;
```



### 24 æ¸¸æ ‡ 

æ¸¸æ ‡ï¼ˆcursorï¼‰æ˜¯ä¸€ä¸ªå­˜å‚¨åœ¨MySQLæœåŠ¡å™¨ä¸Šçš„æ•°æ®åº“æŸ¥è¯¢ï¼Œå®ƒä¸æ˜¯ä¸€æ¡SELECTè¯­å¥ï¼Œè€Œæ˜¯è¢«è¯¥è¯­å¥æ£€ç´¢å‡ºæ¥çš„ç»“æœé›†ã€‚

ä¸»è¦åº”ç”¨äº¤äº’å¼åº”ç”¨ã€‚mysqlæ¸¸æ ‡åªèƒ½ç”¨äº**å­˜å‚¨è¿‡ç¨‹ï¼ˆå’Œå‡½æ•°ï¼‰**ã€‚



#### ä½¿ç”¨æ¸¸æ ‡

ä½¿ç”¨ å£°æ˜ -> æ‰“å¼€ -> ä½¿ç”¨ -> å…³é—­ã€‚

##### åˆ›å»º

```mysql
CREATE PROCEDURE processorders()
BEGIN
	DECLARE ordernumbers CURSOR
	FOR
	SELCET order_num FROM order;
END;
```

##### æ‰“å¼€å’Œå…³é—­

```mysql
OPEN ordernumbers; 

CLOSE ordernumbers;
```

#### ä½¿ç”¨æ¸¸æ ‡æ•°æ®

```mysql
CREATE PROCEDURE processorders()
BEGIN
  -- Declare local variables
  DECLARE o int;
  -- Declare the curor
  DECLARE ordernumbers CURSOR
  FOR
  SELECT order_num FROM orders;
  -- Open the curor
  OPEN ordernumbers;
  -- Get order number
  FETCH ordernumbers INTO o;
  -- Close the cursor
  CLOSE ordernumbers;
END;
```


```mysql
CREATE PROCEDURE processorders()
  BEGIN
  -- Declare local variables
  DECLARE done boolean default 0;
  DECLARE o int;
  -- Declare the cursor
  DECLARE ordernumbers CURSOR
  FOR
  SELECT order_num FROM orders;
  -- Declare continue handler
  DECLARE CONTINUE HANDLER FOR SQLSTATEã€€'0200' SET done=1;
  -- Open the cursor
  OPEN ordernumbers;
  -- Loop through all rows
  REPEAT
  -- Get order number
  FETCH ordernumbers INTOã€€o;
  -- End of loop
  UNTIL done END REPEAT;
  -- Close the cursor
  CLOSE ordernumbers;
END;
```

  *   CONTUE HANDLER ?
  *   SQLSTATE '02000' [mysqlé”™è¯¯ä»£ç ][1]
  *   DECLAREè¯­å¥çš„æ¬¡åº ? \``\`sql --å¯¹æ•°æ®è¿›è¡Œå®é™…å¤„ç† 


```mysql
CREATE PROCEDURE processorders() 
begin 

  declare done boolean default 0; 
  declare o int; 
  declare t decimal(8,2); 

  declare ordernumbers cursor 
  for 
  select order_num from orders; 

  declare continue handler for sqlstate '02000' set done=1; 

  create table if not exists ordertotals (order_num int, total decimal(8,2)); 

  open ordernumbers;

  -- Loop through all rows 
  repeat 

  fetch ordernumbers into o; 

  call ordertotal(o, 1, t); 

  insert into ordertotals(order_num, total) values(o, t); 

  until done end repeat; 

  close ordernumbers; 

end; 
```

è°ƒç”¨è¿™ä¸ªå­˜å‚¨è¿‡ç¨‹å°±ä¼šå»ºç«‹ä¸€å¼ è¡¨

### 25 è§¦å‘å™¨

è§¦å‘å™¨æ˜¯mysqlå“åº”deleteï¼Œinsertï¼Œupdateè¯­å¥è€Œè‡ªåŠ¨æ‰§è¡Œçš„ä¸€æ¡æˆ–ä¸€ç»„(beginå’Œendä¹‹é—´)è¯­å¥ã€‚

#### åˆ›å»ºè§¦å‘å™¨

åœ¨åˆ›å»ºè§¦å‘å™¨æ—¶ï¼Œéœ€è¦4æ¡ä¿¡æ¯ï¼šå”¯ä¸€çš„è§¦å‘å™¨åï¼›è§¦å‘å™¨å…³è”çš„è¡¨ï¼›è§¦å‘å™¨åº”è¯¥å“åº”çš„æ´»åŠ¨ï¼ˆDELETEã€INSERTæˆ–UPDATEï¼‰ï¼›è§¦å‘å™¨ä½•æ—¶æ‰§è¡Œï¼ˆå¤„ç†ä¹‹å‰æˆ–ä¹‹åï¼‰ã€‚

```mysql
Create TRIGGER newproduct AFTER insert on products 
FOR EACH ROW select 'Product added'; 
```

æ¯å¼ è¡¨æœ€å¤šåªèƒ½æœ‰6ä¸ªè§¦å‘å™¨ã€‚

#### åˆ é™¤è§¦å‘å™¨

```mysql
drop trigger newproduct;

 
```

#### ä½¿ç”¨è§¦å‘å™¨

##### INSERTè§¦å‘å™¨

```mysql
Create Trigger neworder After Insert On orders 
For Each Row Select new.order_num;

Insert Into orders(order_date, cust_id)
Values(Now(), 10001);
```

##### DELETEè§¦å‘å™¨

åœ¨DELETEè§¦å‘å™¨ä»£ç å†…ï¼Œä½ å¯ä»¥å¼•ç”¨ä¸€ä¸ªåä¸º`OLD`çš„è™šæ‹Ÿè¡¨ï¼Œè®¿é—®è¢«åˆ é™¤çš„è¡Œã€‚

```mysql
Create Trigger deleteorder Before Delete On orders
FOr Each Row
Begin
	Insert Into archive_orders(order_num, order_date, cust_id)
	Values(OLD.order_num, OLD.order_date, OLD.cust_id);
End;
```

##### UPDATEè§¦å‘å™¨

```mysql
Create Trigger updatevendor Before Update On Vendors
For Each Row Set NEW.vend_state = Upper(NEW.vend_state);
```

### 26 äº‹åŠ¡

#### 26.1 äº‹åŠ¡å¤„ç†

äº‹åŠ¡å¤„ç†ï¼ˆtransaction processingï¼‰å¯ä»¥ç”¨æ¥ç»´æŠ¤æ•°æ®åº“çš„å®Œæ•´æ€§ï¼Œå®ƒä¿è¯æˆæ‰¹çš„MySQLæ“ä½œè¦ä¹ˆå®Œå…¨æ‰§è¡Œï¼Œè¦ä¹ˆå®Œå…¨ä¸æ‰§è¡Œã€‚

è®¾è®¡è‰¯å¥½çš„æ•°æ®åº“æ¨¡å¼éƒ½æ˜¯å…³è”çš„ã€‚ äº‹åŠ¡å¤„ç†è¦æ¥ä¿è¯æ•°æ®åº“ä¸åŒ…å«ä¸å®Œæ•´çš„æ“ä½œç»“æœã€‚ 

ç»™ç³»ç»Ÿæ·»åŠ è®¢å•çš„è¿‡ç¨‹å¦‚ä¸‹ï¼š

(1) æ£€æŸ¥æ•°æ®åº“ä¸­æ˜¯å¦å­˜åœ¨ç›¸åº”çš„å®¢æˆ·ï¼Œå¦‚æœä¸å­˜åœ¨ï¼Œæ·»åŠ ä»–/å¥¹ã€‚

(2) æäº¤å®¢æˆ·ä¿¡æ¯ã€‚

(3) æ£€ç´¢å®¢æˆ·çš„IDã€‚

(4) æ·»åŠ ä¸€è¡Œåˆ°ordersè¡¨ã€‚

(5) å¦‚æœåœ¨æ·»åŠ è¡Œåˆ°ordersè¡¨æ—¶å‡ºç°æ•…éšœï¼Œå›é€€ã€‚

(6) æ£€ç´¢ordersè¡¨ä¸­èµ‹äºˆçš„æ–°è®¢å•IDã€‚

(7) å¯¹äºè®¢è´­çš„æ¯é¡¹ç‰©å“ï¼Œæ·»åŠ æ–°è¡Œåˆ°orderitemsè¡¨ã€‚

(8) å¦‚æœåœ¨æ·»åŠ æ–°è¡Œåˆ°orderitemsæ—¶å‡ºç°æ•…éšœï¼Œå›é€€æ‰€æœ‰æ·»åŠ çš„orderitemsè¡Œå’Œordersè¡Œã€‚

(9) æäº¤è®¢å•ä¿¡æ¯ã€‚

å‡ ä¸ªæœ¯è¯­ï¼š

*   **äº‹åŠ¡**(transaction)ï¼šä¸€ç»„SQLè¯­å¥
*   **å›é€€**(rollback)ï¼šæ’¤é”€æŒ‡å®šSQLè¯­å¥çš„è¿‡ç¨‹
*   **æäº¤**(commit)ï¼šå°†æœªå­˜å‚¨çš„SQLè¯­å¥ç»“æœå†™å…¥æ•°æ®åº“è¡¨
*   **ä¿ç•™ç‚¹**(savepoint)ï¼šäº‹åŠ¡å¤„ç†ä¸­è®¾ç½®çš„ä¸´æ—¶å ä½ç¬¦ï¼ˆplace-holderï¼‰ï¼Œä½ å¯ä»¥å¯¹å®ƒå‘å¸ƒå›é€€ï¼ˆä¸å›é€€æ•´ä¸ªäº‹åŠ¡å¤„ç†ä¸åŒï¼‰

#### 26.2 æ§åˆ¶äº‹åŠ¡å¤„ç†

 ç®¡ç†äº‹åŠ¡å¤„ç†çš„å…³é”®åœ¨äº**å°†SQLè¯­å¥ç»„åˆ†è§£ä¸ºé€»è¾‘å—**ï¼Œå¹¶æ˜ç¡®è§„å®šæ•°æ®ä½•æ—¶åº”è¯¥å›é€€ï¼Œä½•æ—¶ä¸åº”è¯¥å›é€€ã€‚

MySQLä¸­æ ‡è¯†äº‹åŠ¡çš„å¼€å§‹çš„è¯­å¥ï¼š

```mysql
Start Transaction;
```

##### ä½¿ç”¨ROLLBACK

```mysql 
Select * from ordertotals; 
START TRANSACTION; 
delete from ordertotals; 
select * from ordertotals; 
ROLLBACK;
select * from ordertotals;
```

äº‹åŠ¡å¤„ç†ç”¨æ¥ç®¡ç†insert,update,delete.ä¸èƒ½å›é€€createï¼Œdropï¼Œselectã€‚

##### ä½¿ç”¨COMMIT

```mysql
Start Transaction;
Delete From orderitems Where order_num = 20010;
Delete From orders Where order_num = 20010;
Commit;
```

##### ä½¿ç”¨ä¿ç•™ç‚¹

```mysql
SavePoint delete1;

Rollback To delete1;
```



### 27 å…¨çƒåŒ–å’Œæœ¬åœ°åŒ–

#### 27.1 å­—ç¬¦é›†å’Œæ ¡å¯¹é¡ºåº

**å­—ç¬¦é›†**ï¼šå­—æ¯å’Œç¬¦å·çš„é›†åˆ 

**ç¼–ç **ï¼šæŸä¸ªå­—ç¬¦é›†æˆå‘˜çš„å†…éƒ¨è¡¨ç¤º 

**æ ¡å¯¹**ï¼šè§„å®šå­—ç¬¦å¦‚ä½•æ¯”è¾ƒçš„æŒ‡ä»¤ï¼ˆåœ¨order byï¼Œgroup by ï¼Œhavingç­‰æ•°æ®æ’åºèµ·ä½œç”¨ï¼‰ 

#### 27.2 ä½¿ç”¨å­—ç¬¦é›†å’Œæ ¡å¯¹é¡ºåº

```mysql
-- æŸ¥çœ‹å­—ç¬¦é›†å®Œæ•´åˆ—è¡¨ 
show character set;

-- æŸ¥çœ‹æ ¡å¯¹ 
show collation; 

-- æŸ¥çœ‹ç›®å‰æ‰€ç”¨å­—ç¬¦é›†å’Œæ ¡å¯¹ 
show variables like 'character%'; 
show variables like 'collation%';

-- ç»™è¡¨æŒ‡å®šå­—ç¬¦é›†å’Œæ ¡å¯¹

create table mytable 
( 
  columnn1 int, 
  columnn2 varchar(10) 
)default character set hebrew
 collate hebrew_general_ci;
```

ä¹Ÿå¯æŒ‡å®šç‰¹å®šåˆ—

æŒ‡å®šç‰¹å®šçš„æ ¡å¯¹ç”¨äºæ’åºï¼ˆä¸‹é¢æ˜¯ä¸ºäº†åŒºåˆ†å¤§å°å†™ï¼‰ 

```mysql
select * from customers order by lastname, firstname collate latin1_general_cs;
```



### 28 å®‰å…¨ç®¡ç†

#### 28.1 è®¿é—®æ§åˆ¶

ä»…åœ¨ç»å¯¹éœ€è¦æ—¶ä½¿ç”¨rootç”¨æˆ·ã€‚

#### 28.2 ç®¡ç†ç”¨æˆ·

```mysql
-- è·å¾—æ‰€æœ‰ç”¨æˆ·(å°½é‡ä¸è¦ç›´æ¥æ“ä½œmysqlè¡¨)
Use mysql;
Select user From user;

-- åˆ›å»ºç”¨æˆ·è´¦å·
Create User andy Identified By '123456';

-- é‡å‘½åç”¨æˆ·è´¦å·
Rename User andy To andyron;

-- åˆ é™¤ç”¨æˆ·è´¦å·
Drop User andyron;
```

```mysql
-- æŸ¥çœ‹ç”¨æˆ·è´¦å·çš„æƒé™
mysql> Show Grants For andy;
+----------------------------------+
| Grants for andy@%                |
+----------------------------------+
| GRANT USAGE ON *.* TO `andy`@`%` |
+----------------------------------+
```

##### è®¾ç½®è®¿é—®æƒé™

![](../../images/learn-database-050.jpg)

##### æ›´æ”¹å£ä»¤

```mysql
Set Password
```



### 29 æ•°æ®åº“ç»´æŠ¤

#### å¤‡ä»½æ•°æ®

(ç”±äºmysqlæ•°æ®æ–‡ä»¶æ­£å¸¸éƒ½æ˜¯å‡ºäºæ‰“å¼€å’Œä½¿ç”¨çŠ¶æ€ï¼Œä¸èƒ½ç®€å•çš„å¤åˆ¶éœ€è¦ä½¿ç”¨ç‰¹å®šå·¥å…·) 

*   mysqldump
*   mysqlhotcopy
*   BACKUP TABLE SELECT INTO OUTFILE

#### æ•°æ®åº“ç»´æŠ¤ 

```mysql
ANALYZE TABLE orders;

CHECK TABLEã€€orders, orderitems;

OPTIMIZE TABLE
```



#### è¯Šæ–­å¯åŠ¨é—®é¢˜



#### æŸ¥çœ‹æ—¥å¿—æ–‡ä»¶ 

æ—¥å¿—é€šå¸¸ä½äºdataç›®å½•ã€‚

- é”™è¯¯æ—¥å¿—  `hostname.err`

- æŸ¥è¯¢æ—¥å¿—  `hostname.log`

- äºŒè¿›åˆ¶æ—¥å¿—  `hostname-bin`

- ç¼“å­˜æŸ¥è¯¢æ—¥å¿—  `hostname-slow.log`

```mysql
-- æŸ¥çœ‹æ—¥å¿—å¼€å¯æƒ…å†µ
mysql> show variables like 'log_%';
+----------------------------------------+----------------------------------------+
| Variable_name                          | Value                                  |
+----------------------------------------+----------------------------------------+
| log_bin                                | ON                                     |
| log_bin_basename                       | /usr/local/mysql/data/binlog           |
| log_bin_index                          | /usr/local/mysql/data/binlog.index     |
| log_bin_trust_function_creators        | OFF                                    |
| log_bin_use_v1_row_events              | OFF                                    |
| log_error                              | /usr/local/mysql/data/mysqld.local.err |
| log_error_services                     | log_filter_internal; log_sink_internal |
| log_error_verbosity                    | 2                                      |
| log_output                             | FILE                                   |
| log_queries_not_using_indexes          | OFF                                    |
| log_slave_updates                      | ON                                     |
| log_slow_admin_statements              | OFF                                    |
| log_slow_slave_statements              | OFF                                    |
| log_statements_unsafe_for_binlog       | ON                                     |
| log_syslog                             | ON                                     |
| log_syslog_facility                    | daemon                                 |
| log_syslog_include_pid                 | ON                                     |
| log_syslog_tag                         |                                        |
| log_throttle_queries_not_using_indexes | 0                                      |
| log_timestamps                         | UTC                                    |
+----------------------------------------+----------------------------------------+
```



### 30 æ”¹å–„æ€§èƒ½

https://dev.mysql.com/doc/mysql/en/error-handling.html

```mysql
> show processlistï¼›
+----+-----------------+-----------+------+---------+--------+------------------------+------------------+
| Id | User            | Host      | db   | Command | Time   | State                  | Info             |
+----+-----------------+-----------+------+---------+--------+------------------------+------------------+
|  5 | event_scheduler | localhost | NULL | Daemon  | 192185 | Waiting on empty queue | NULL             |
|  9 | root            | localhost | NULL | Query   |      0 | init                   | show processlist |
+----+-----------------+-----------+------+---------+--------+------------------------+------------------+
2 rows in set (0.01 sec)
```









### é™„å½• MySQLæ•°æ®ç±»å‹

å¤§è‡´å¯ä»¥åˆ†ä¸ºä¸‰ç±»ï¼šæ•°å€¼ã€æ—¥æœŸ/æ—¶é—´å’Œå­—ç¬¦ä¸²(å­—ç¬¦)ç±»å‹ã€‚

#### 1.æ•°å€¼ç±»å‹

æ•´å‹ï¼ˆTINYINTã€SMALLINTã€MEDIUMINTã€INTã€BIGINTï¼‰å’Œæµ®ç‚¹å‹ï¼ˆFLOATã€DOUBLEã€DECIMALï¼‰ã€‚

| ç±»å‹         | å¤§å°                                     | èŒƒå›´ï¼ˆæœ‰ç¬¦å·ï¼‰                                               | èŒƒå›´ï¼ˆæ— ç¬¦å·ï¼‰                                               | ç”¨é€”            |
| :----------- | :--------------------------------------- | :----------------------------------------------------------- | :----------------------------------------------------------- | :-------------- |
| TINYINT      | 1 Bytes                                  | (-128ï¼Œ127)                                                  | (0ï¼Œ255)                                                     | å°æ•´æ•°å€¼        |
| SMALLINT     | 2 Bytes                                  | (-32 768ï¼Œ32 767)                                            | (0ï¼Œ65 535)                                                  | å¤§æ•´æ•°å€¼        |
| MEDIUMINT    | 3 Bytes                                  | (-8 388 608ï¼Œ8 388 607)                                      | (0ï¼Œ16 777 215)                                              | å¤§æ•´æ•°å€¼        |
| INTæˆ–INTEGER | 4 Bytes                                  | (-2 147 483 648ï¼Œ2 147 483 647)                              | (0ï¼Œ4 294 967 295)                                           | å¤§æ•´æ•°å€¼        |
| BIGINT       | 8 Bytes                                  | (-9,223,372,036,854,775,808ï¼Œ9 223 372 036 854 775 807)      | (0ï¼Œ18 446 744 073 709 551 615)                              | æå¤§æ•´æ•°å€¼      |
| FLOAT        | 4 Bytes                                  | (-3.402 823 466 E+38ï¼Œ-1.175 494 351 E-38)ï¼Œ0ï¼Œ(1.175 494 351 E-38ï¼Œ3.402 823 466 351 E+38) | 0ï¼Œ(1.175 494 351 E-38ï¼Œ3.402 823 466 E+38)                  | å•ç²¾åº¦ æµ®ç‚¹æ•°å€¼ |
| DOUBLE       | 8 Bytes                                  | (-1.797 693 134 862 315 7 E+308ï¼Œ-2.225 073 858 507 201 4 E-308)ï¼Œ0ï¼Œ(2.225 073 858 507 201 4 E-308ï¼Œ1.797 693 134 862 315 7 E+308) | 0ï¼Œ(2.225 073 858 507 201 4 E-308ï¼Œ1.797 693 134 862 315 7 E+308) | åŒç²¾åº¦ æµ®ç‚¹æ•°å€¼ |
| DECIMAL      | å¯¹DECIMAL(M,D) ï¼Œå¦‚æœM>Dï¼Œä¸ºM+2å¦åˆ™ä¸ºD+2 | ä¾èµ–äºMå’ŒDçš„å€¼                                               | ä¾èµ–äºMå’ŒDçš„å€¼                                               | å°æ•°å€¼          |

 MySQLä¸­æ²¡æœ‰ä¸“é—¨å­˜å‚¨è´§å¸çš„æ•°æ®ç±»å‹ï¼Œä¸€èˆ¬æƒ…å†µä¸‹ä½¿ç”¨DECIMAL(8, 2)ã€‚





#### 2.å­—ç¬¦ä¸²ç±»å‹

å­—ç¬¦ä¸²ç±»å‹æŒ‡CHARã€VARCHARã€BINARYã€VARBINARYã€BLOBã€TEXTã€ENUMå’ŒSETã€‚

| ç±»å‹       | å¤§å°                  | ç”¨é€”                            |
| :--------- | :-------------------- | :------------------------------ |
| CHAR       | 0-255 bytes           | å®šé•¿å­—ç¬¦ä¸²                      |
| VARCHAR    | 0-65535 bytes         | å˜é•¿å­—ç¬¦ä¸²                      |
| TINYBLOB   | 0-255 bytes           | ä¸è¶…è¿‡ 255 ä¸ªå­—ç¬¦çš„äºŒè¿›åˆ¶å­—ç¬¦ä¸² |
| TINYTEXT   | 0-255 bytes           | çŸ­æ–‡æœ¬å­—ç¬¦ä¸²                    |
| BLOB       | 0-65 535 bytes        | äºŒè¿›åˆ¶å½¢å¼çš„é•¿æ–‡æœ¬æ•°æ®          |
| TEXT       | 0-65 535 bytes        | é•¿æ–‡æœ¬æ•°æ®                      |
| MEDIUMBLOB | 0-16 777 215 bytes    | äºŒè¿›åˆ¶å½¢å¼çš„ä¸­ç­‰é•¿åº¦æ–‡æœ¬æ•°æ®    |
| MEDIUMTEXT | 0-16 777 215 bytes    | ä¸­ç­‰é•¿åº¦æ–‡æœ¬æ•°æ®                |
| LONGBLOB   | 0-4 294 967 295 bytes | äºŒè¿›åˆ¶å½¢å¼çš„æå¤§æ–‡æœ¬æ•°æ®        |
| LONGTEXT   | 0-4 294 967 295 bytes | æå¤§æ–‡æœ¬æ•°æ®                    |
| Enum       |                       |                                 |
| Set        |                       |                                 |

- char(n) å’Œ varchar(n) ä¸­æ‹¬å·ä¸­ n ä»£è¡¨å­—ç¬¦çš„ä¸ªæ•°ï¼Œå¹¶ä¸ä»£è¡¨å­—èŠ‚ä¸ªæ•°ï¼Œæ¯”å¦‚ CHAR(30) å°±å¯ä»¥å­˜å‚¨ 30 ä¸ªå­—ç¬¦ã€‚

- MySQLå›ºå®šé•¿åº¦å­—ç¬¦ä¸²æ¯”å˜é•¿å¿«å¾—å¤šã€‚
- ä¸ç®¡ä½¿ç”¨ä½•ç§å½¢å¼çš„å­—ç¬¦ä¸²æ•°æ®ç±»å‹ï¼Œä¸²å€¼éƒ½å¿…é¡»æ‹¬åœ¨å¼•å·å†…ï¼ˆé€šå¸¸å•å¼•å·æ›´å¥½ï¼‰ã€‚

#### 3.æ—¥æœŸå’Œæ—¶é—´ç±»å‹

DATETIMEã€DATEã€TIMESTAMPã€TIMEå’ŒYEAR

| ç±»å‹      | å¤§å° ( bytes) | èŒƒå›´                                                         | æ ¼å¼                | ç”¨é€”                     |
| :-------- | :------------ | :----------------------------------------------------------- | :------------------ | :----------------------- |
| DATE      | 3             | 1000-01-01/9999-12-31                                        | YYYY-MM-DD          | æ—¥æœŸå€¼                   |
| TIME      | 3             | '-838:59:59'/'838:59:59'                                     | HH:MM:SS            | æ—¶é—´å€¼æˆ–æŒç»­æ—¶é—´         |
| YEAR      | 1             | 1901/2155                                                    | YYYY                | å¹´ä»½å€¼                   |
| DATETIME  | 8             | 1000-01-01 00:00:00/9999-12-31 23:59:59                      | YYYY-MM-DD HH:MM:SS | æ··åˆæ—¥æœŸå’Œæ—¶é—´å€¼         |
| TIMESTAMP | 4             | 1970-01-01 00:00:00/2038ç»“æŸæ—¶é—´æ˜¯ç¬¬ **2147483647** ç§’ï¼ŒåŒ—äº¬æ—¶é—´ **2038-1-19 11:14:07**ï¼Œæ ¼æ—å°¼æ²»æ—¶é—´ 2038å¹´1æœˆ19æ—¥ å‡Œæ™¨ 03:14:07 | YYYYMMDD HHMMSS     | æ··åˆæ—¥æœŸå’Œæ—¶é—´å€¼ï¼Œæ—¶é—´æˆ³ |

æ¯ä¸ªæ—¶é—´ç±»å‹æœ‰ä¸€ä¸ªæœ‰æ•ˆå€¼èŒƒå›´å’Œä¸€ä¸ª"é›¶"å€¼ï¼Œå½“æŒ‡å®šä¸åˆæ³•çš„MySQLä¸èƒ½è¡¨ç¤ºçš„å€¼æ—¶ä½¿ç”¨"é›¶"å€¼ã€‚

## è¡¥å……

### MySQLç´¢å¼•

å®é™…ä¸Šï¼Œç´¢å¼•ä¹Ÿæ˜¯ä¸€å¼ è¡¨ï¼Œè¯¥è¡¨ä¿å­˜äº†ä¸»é”®ä¸ç´¢å¼•å­—æ®µï¼Œå¹¶æŒ‡å‘å®ä½“è¡¨çš„è®°å½•ã€‚

```mysql
-- æ˜¾ç¤ºç´¢å¼•ä¿¡æ¯
SHOW INDEX FROM table_name\G

mysql> show index from orderitems\G;
*************************** 1. row ***************************
        Table: orderitems
   Non_unique: 0
     Key_name: PRIMARY
 Seq_in_index: 1
  Column_name: order_num
    Collation: A
  Cardinality: 5
     Sub_part: NULL
       Packed: NULL
         Null:
   Index_type: BTREE
      Comment:
Index_comment:
      Visible: YES
   Expression: NULL
*************************** 2. row ***************************
        Table: orderitems
   Non_unique: 0
     Key_name: PRIMARY
 Seq_in_index: 2
  Column_name: order_item
    Collation: A
  Cardinality: 11
     Sub_part: NULL
       Packed: NULL
         Null:
   Index_type: BTREE
      Comment:
Index_comment:
      Visible: YES
   Expression: NULL
*************************** 3. row ***************************
        Table: orderitems
   Non_unique: 1
     Key_name: fk_orderitems_products
 Seq_in_index: 1
  Column_name: prod_id
    Collation: A
  Cardinality: 9
     Sub_part: NULL
       Packed: NULL
         Null:
   Index_type: BTREE
      Comment:
Index_comment:
      Visible: YES
   Expression: NULL
```





#### ä»æ•°æ®ç»“æ„è§’åº¦åˆ†ç±»

1ã€B+æ ‘ç´¢å¼•

2ã€hashç´¢å¼•

3ã€FULLTEXTç´¢å¼•ï¼ˆç°åœ¨MyISAMå’ŒInnoDBå¼•æ“éƒ½æ”¯æŒäº†ï¼‰

4ã€R-Treeç´¢å¼•ï¼ˆç”¨äºå¯¹GISæ•°æ®ç±»å‹åˆ›å»ºSPATIALç´¢å¼•ï¼‰

#### ä»ç‰©ç†å­˜å‚¨è§’åº¦åˆ†ç±»

1ã€èšé›†ç´¢å¼•ï¼ˆclustered indexï¼‰

2ã€éèšé›†ç´¢å¼•ï¼ˆnon-clustered indexï¼‰

#### ä»é€»è¾‘è§’åº¦åˆ†ç±»

##### 1.æ™®é€šç´¢å¼•

ä¸åŒçš„åˆ›å»ºæ–¹å¼

```mysql
-- ç›´æ¥åˆ›å»º
CREATE INDEX index_name ON table(column(length))

-- ä¿®æ”¹è¡¨ç»“æ„çš„æ–¹å¼æ·»åŠ 
ALTER TABLE table_name ADD INDEX index_name ON (column(length))

-- åˆ›å»ºè¡¨çš„æ—¶å€™åŒæ—¶åˆ›å»º
CREATE TABLE `table` (
    `id` int(11) NOT NULL AUTO_INCREMENT ,
    `title` char(255) CHARACTER NOT NULL ,
    `content` text CHARACTER NULL ,
    `time` int(10) NULL DEFAULT NULL ,
    PRIMARY KEY (`id`),
    INDEX index_name (title(length))
)

-- åˆ é™¤ç´¢å¼•
DROP INDEX index_name ON table
```

##### 2.å”¯ä¸€ç´¢å¼•

ä¸æ™®é€šç´¢å¼•ç±»ä¼¼ä¸åŒçš„æ˜¯ï¼šå¿…é¡»å”¯ä¸€ï¼Œä½†å…è®¸æœ‰ç©ºå€¼ã€‚

```mysql
CREATE UNIQUE INDEX indexName ON table(column(length))

ALTER TABLE table_name ADD UNIQUE indexName ON (column(length))

CREATE TABLE `table` (
    `id` int(11) NOT NULL AUTO_INCREMENT ,
    `title` char(255) CHARACTER NOT NULL ,
    `content` text CHARACTER NULL ,
    `time` int(10) NULL DEFAULT NULL ,
    UNIQUE indexName (title(length))
);
```

##### 3.ä¸»é”®ç´¢å¼•

ä¸€ç§ç‰¹æ®Šçš„å”¯ä¸€ç´¢å¼•ï¼Œä¸å…è®¸æœ‰ç©ºå€¼ï¼Œä¸€ä¸ªè¡¨åªèƒ½æœ‰ä¸€ä¸ªä¸»é”®ç´¢å¼•ã€‚

```mysql
CREATE TABLE `table` (
    `id` int(11) NOT NULL AUTO_INCREMENT ,
    `title` char(255) NOT NULL ,
    PRIMARY KEY (`id`)
);
```

##### 4.ç»„åˆç´¢å¼•

å¤šä¸ªå­—æ®µä¸Šåˆ›å»ºçš„ç´¢å¼•ã€‚

```mysql
ALTER TABLE `table` ADD INDEX name_city_age (name,city,age); 

```

##### 5.å…¨æ–‡ç´¢å¼•

```mysql
CREATE FULLTEXT INDEX index_content ON article(content)

ALTER TABLE article ADD FULLTEXT index_content(content)

CREATE TABLE `table` (
    `id` int(11) NOT NULL AUTO_INCREMENT ,
    `title` char(255) CHARACTER NOT NULL ,
    `content` text CHARACTER NULL ,
    `time` int(10) NULL DEFAULT NULL ,
    PRIMARY KEY (`id`),
    FULLTEXT (content)
);
```





### MySQLå‡½æ•°

https://www.runoob.com/mysql/mysql-functions.html

```mysql
-- å¦‚æœ v1 çš„å€¼ä¸ä¸º NULLï¼Œåˆ™è¿”å› v1ï¼Œå¦åˆ™è¿”å› v2ã€‚
IFNULL(v1,v2)
-- è·å¾—ç¬¬äºŒé«˜è–ª
Select 
IFNULL((
    Select Distinct Salary  
    From Employee
    Order By Salary Desc
    Limit 1,1), 
NULL) AS SecondHighestSalary;


```

MySQLè‡ªå®šä¹‰å‡½æ•°ï¼ˆCREATE FUNCTIONï¼‰